호선,역번호,출발역,5시,6시,7시,8시,9시,10시,11시,12시,13시,14시,15시,16시,17시,18시,19시,20시,21시,22시,23시,24시,25시
1호선,150,서울역,8,21.95,54.45,54.45,64.8,54.8,42.65,33.35,42,31.05,25.9,27.05,27.7,43.35,34.5,21.8,19.3,15.75,15.4,7.55,1.3
1호선,150,서울역,11.2,14.4,33.25,33.25,26.6,24.45,19.85,26.55,31.1,35.75,40.9,55.95,64.95,102.35,60.4,41.55,41.85,38.75,24.45,10.7,0
1호선,151,시청,6.7,16.8,42.25,42.25,51.95,45.85,39.9,30.9,38.95,29.65,26.6,28.45,30.8,52.2,42.9,25.6,23.65,19.55,18.8,8.6,1.3
1호선,151,시청,8.6,14.1,30.4,30.4,25.95,24,19.9,26.3,29.55,33.4,41.1,52.35,60,92.45,60.8,37.95,39.5,33.05,21.25,8.6,0.4
1호선,152,종각,6.1,12.35,25.95,25.95,36.5,36.45,35.8,29.2,35.5,31.45,30.05,32.8,37,66.2,53.25,31.75,32.3,26,25.4,10.15,1.2
1호선,152,종각,10.2,14.8,40.4,40.4,32.25,27.05,20.85,27.35,29.1,33.65,39.4,45.2,51.25,71.7,43.9,30.1,31.2,26.7,17.2,7.2,0.5
1호선,153,종로3가,5.6,12.6,26.05,26.05,36.55,36.5,36.8,30.85,39.2,33.5,33.45,36.95,42.25,72.85,59.1,34.35,36.2,29.55,29.1,11.25,1.2
1호선,153,종로3가,11.2,17.85,52.25,52.25,44.3,33.55,24.6,27.65,29.85,32.2,37.05,39.35,42.35,53.45,33.25,22,21.85,18.55,12.95,5.8,0.6
1호선,154,종로5가,5.1,9.35,19.3,19.3,29,29.25,31,28.45,34.75,31.05,34.3,35.25,41.6,73.3,66.2,34.7,37.8,34,27.55,12.8,2.7
1호선,154,종로5가,12.4,20.95,57.65,57.65,51.55,38.6,30.4,32.35,33.85,36.05,38.7,44.55,43.75,53.55,31.25,21.1,21.15,18,11.85,6.6,0.7
1호선,155,동대문,6.9,9.15,18.15,18.15,27.5,28,31.65,27.55,35.15,30.5,34.9,37.75,42.75,72.65,65.8,35.35,38.05,34.5,29.35,14.2,2.5
1호선,155,동대문,13.4,22.1,60.75,60.75,55.3,40.95,31,30.45,33.95,32.4,33.95,37.1,39.05,42.75,25.2,17.1,17.35,15,10.2,6.25,0.6
1호선,156,신설동,6.2,8.1,12.25,12.25,26,25.75,26.1,22.35,29.85,27.45,29.95,36.1,39.15,67.8,61.6,34.15,32.45,28.7,26.5,13.95,0
1호선,156,신설동,22.2,31,59.35,59.35,46.6,38.5,28.05,29.7,30.2,27.7,31.65,31.2,39.7,36.45,20.25,14.95,14.05,11.85,8.85,5.25,0.6
1호선,157,제기동,6.8,6.95,11.05,11.05,21.9,21.1,22.5,19.25,25,22.4,27,33.6,38.2,66.4,61.9,33.2,31.3,27.65,26,13.6,0
1호선,157,제기동,21.6,27.35,58.8,58.8,44.25,37.15,25.45,27.9,28.6,27.1,30.7,28.8,35.25,31.65,18.35,13.65,12.75,10.55,9.05,5.55,0.5
1호선,158,청량리,6.4,4.8,9.75,9.75,14.7,16.6,18.5,15.9,20.8,18.6,22.15,32.05,32.65,58.85,55.1,28.95,28.6,24.7,23.1,11.2,0
1호선,158,청량리,17.7,31.75,59.85,59.85,42.95,36.5,22.45,27.15,25.65,23.4,26.1,25,30.2,26.9,16.15,12.4,12.05,10,8.7,5.7,0.2
1호선,159,동묘앞,5.8,8.55,15,15,23.75,24.95,27.85,23.9,30.4,27.75,31.2,34.8,37.8,66.05,62.45,31.8,37.5,30.3,26.25,12.45,0
1호선,159,동묘앞,14.5,23.35,61.75,61.75,52.35,43.8,30.5,30.5,34.2,31.3,35.75,36.1,37.5,41.6,23.45,16.6,16.25,13.7,9.55,5.45,0.6
2호선,201,시청,19.4,30,56.9,56.9,52.3,41.3,44.1,41.25,45.05,43.25,43.2,44.8,58.7,59.7,46.55,28.3,31.95,37.8,33.6,18.6,3.5
2호선,201,시청,9.6,16.2,35.9,35.9,26.8,27.6,28.9,33.55,38.1,37.25,42.5,50.95,61.7,95.65,83.05,56.2,58.85,62.35,43.15,22.1,9.2
2호선,202,을지로입구,13,22.8,40.4,40.4,41.25,33.55,38.7,39.7,43.2,44.35,46.6,49.3,67.25,76.65,59.25,35.75,38.7,44,37.95,22.6,4.7
2호선,202,을지로입구,9.2,20,41.75,41.75,30.85,29.1,28.95,32.75,37.55,35.25,39.5,47.8,57.9,85.8,71.2,55.3,50.2,58.4,40.75,20.6,8.9
2호선,203,을지로3가,13.2,21.35,37.1,37.1,38.95,33.05,36.35,40.35,42.05,43,46.1,48,68.75,77.25,59,35.7,38.25,44,39.2,24.35,4.9
2호선,203,을지로3가,14.1,25.35,55.85,55.85,40.6,35.75,33.65,34.4,38.8,37.1,37.85,44.9,54,70.8,61.25,44.7,41.55,48.35,31.65,18,6.1
2호선,204,을지로4가,13,19.9,33.85,33.85,38.45,33.35,37.1,41.55,43.45,45.6,49.15,51.2,74.35,83.35,67.1,37.1,39.75,45.35,41.1,24.3,8.2
2호선,204,을지로4가,14.4,28.15,65.05,65.05,41.3,34.05,33.5,32.65,36.9,34.65,35.3,41.9,50.3,61.75,54.65,42.8,39.25,45.15,28.7,15.75,5.6
2호선,205,동대문역사문화공원,19.3,26.95,45.8,45.8,51.1,42.75,46.25,49.2,53.7,51.85,54.6,57.95,79.5,87.95,68.65,35,36.1,44.2,38.65,22.65,7.9
2호선,205,동대문역사문화공원,14.3,29.2,75.45,75.45,44,36.1,35.9,33.9,38.9,36.1,36.6,42.3,49.7,59.95,53.85,43,39.45,45.9,29.3,15.65,5.9
2호선,206,신당,18,28.95,48.3,48.3,54.15,44.9,47.15,50.05,54.2,51.8,55.95,58.15,79.85,84.7,63.8,34.25,33.35,41.85,38.15,24.15,7.7
2호선,206,신당,19.6,26.05,72.1,72.1,44.1,38,40.05,35.85,43.05,42.2,41.9,49.45,58.45,71.3,69.75,56.85,50.5,58.4,35.1,17.6,6.4
2호선,207,상왕십리,20.3,29.7,49.65,49.65,55.3,46,46.6,50.4,54.4,51.45,55.45,57.45,78.8,81.75,62.8,32.5,32.5,39.85,36.25,22.55,7
2호선,207,상왕십리,17.4,25.25,67.35,67.35,42.85,37.8,39.65,36.7,42.85,42.2,42.45,52.7,57.9,75.2,76.1,57.85,51.5,58.25,35.1,17.9,4.5
2호선,208,왕십리,18.9,24.5,39.65,39.65,50.9,44.65,42.55,42.4,48.5,44.4,44.9,43.75,55.2,55.5,43.25,22.5,21.05,26.65,22.9,15.4,5.6
2호선,208,왕십리,15.7,23.7,63.1,63.1,40.3,36.1,38.5,36,42.15,42,42.8,53.3,57.55,78.35,75.75,60.5,49.85,58.65,36.05,18.3,5.2
2호선,209,한양대,18.6,22.9,36,36,44.85,37.5,36.6,39.7,42.75,40.9,44.6,46.35,59.6,55.95,45.05,24.1,20.8,27.05,23.15,15.3,5.5
2호선,209,한양대,11.7,14.1,40.25,40.25,25.8,23.7,28.15,27.35,32.25,33.65,36.6,46.3,50.1,69.9,66.1,55.55,46.2,53.1,30.6,14,4.1
2호선,210,뚝섬,18.1,21.05,30.8,30.8,34.7,30.15,32.05,37.1,40.45,39.4,43.7,46,60.7,59.25,49.05,25.55,21.7,29.15,24.65,16.05,4.4
2호선,210,뚝섬,9.6,15.6,40.3,40.3,28.9,25.3,30.7,27.45,31.35,33.2,33.95,40,43.05,67.5,59.95,51.6,43,49.65,25.7,12.6,4.1
2호선,211,성수,7.7,11.6,20.7,20.7,29.15,29.15,22.55,27.9,32.2,33.55,38.4,44.35,48.6,58.75,62.7,39.4,40.4,40.45,28.95,19.2,11.7
2호선,211,성수,0,0,0,0,0,0,0,0,0,0,0,0,0,0,0,0,0,0,0,0,0
2호선,212,건대입구,10.4,16.3,28.35,28.35,37.7,33.5,26.1,27.9,31.35,32.7,36.6,39.9,42.25,47.9,47.8,30.5,33.05,34.85,24.65,17.2,10.4
2호선,212,건대입구,30.6,29.35,56.05,56.05,37.95,30,32.9,31.8,34.25,33.65,32.05,38.25,45,49.8,40.9,26.7,30.7,37.25,20.45,10.9,3.9
2호선,213,구의,13.9,16.85,30.95,30.95,41.7,36.35,25.75,27.1,30.2,30.95,34.1,37.1,40.2,42.5,42.25,26.5,28.8,30.2,21.1,14.3,8.6
2호선,213,구의,27.2,24.4,48.5,48.5,31.9,24,30.85,27.95,32.3,31.65,32.2,39.25,48.95,55.7,49.5,32.55,31.4,38.95,21.1,11.3,3.4
2호선,214,강변,16.5,17.9,35.1,35.1,45.25,38.95,26.65,27.8,29.55,30.4,32.6,35.6,40.1,37.9,42.45,24.25,26.9,28.6,20,14.05,8.7
2호선,214,강변,17,21,40.85,40.85,27.7,21.85,28.25,26,30.3,29.9,31.2,38.7,48,57.1,52.85,35.25,33.1,42.5,20.35,12.5,4.3
2호선,215,잠실나루,16.9,18.3,34.1,34.1,45.3,39.35,27.65,28.5,29.25,30.5,33.35,36.7,40.7,37.5,40.2,23.15,24.85,27.2,19.3,13,7.5
2호선,215,잠실나루,18.5,19.5,35.4,35.4,24.85,19.75,25.75,24.8,29.25,29.15,32.6,39.7,48.5,60.4,53.95,37,34.5,45.25,21.9,11.1,5.1
2호선,216,잠실,25.3,27.45,56.15,56.15,62,51.45,31.9,32,33.7,32.85,34.6,37.65,42.25,37.75,36.15,24.6,25.35,28.65,16.6,9.6,4.6
2호선,216,잠실,17.4,18.9,34.15,34.15,24.1,20,24.3,25.55,28.7,29.35,32.25,39.35,47.95,60.05,54.4,39,35.9,47.15,23.05,11.85,5.5
2호선,217,잠실새내,26.7,28.4,59.55,59.55,64.65,53.7,32.1,31.2,33.3,31.55,32.1,35.95,38.1,35.45,32.85,22.8,23.7,27.1,15.45,8.35,3.1
2호선,217,잠실새내,12.1,16.65,28.7,28.7,24.5,20.45,24.7,28.25,31.3,32.7,38.2,46.85,61.3,79.8,76.4,47.05,44.05,60.85,32.35,18.3,7.3
2호선,218,종합운동장,30.9,26.6,59.5,59.5,69.15,58.2,33.5,31.7,32.35,32.7,31.8,35.65,39.2,35.3,32,22,22.15,27.1,15.45,8.85,2.7
2호선,218,종합운동장,9.2,15.55,24.25,24.25,21.95,18,23.85,27.3,30,32.4,38.85,47.2,61.65,83.2,78.2,48.7,45.3,59.75,32.45,18.85,7.7
2호선,219,삼성,20.2,22.45,49.5,49.5,57.9,48.35,29.9,31.45,33.3,35.4,38.8,46.95,57,61.05,48.7,33.3,33.2,40.15,19.8,10.75,4
2호선,219,삼성,10,17.45,23.9,23.9,21.2,17.65,23.55,27.1,29.2,32.45,39.5,46.55,63.35,91.6,78.3,51.05,48.45,62.05,32.95,16,7.2
2호선,220,선릉,22.6,23.75,50.5,50.5,62.05,55.05,34.65,39.15,42.25,46,52.45,63.45,79.3,87.3,70.85,45.95,46.85,55.4,29.4,14.75,7.8
2호선,220,선릉,29.3,26.3,40.6,40.6,40.7,31.35,32.65,32.1,33.6,35.2,38.85,43.45,54.75,78.55,66.9,43.15,41.3,52.6,30.45,15.4,4.5
2호선,221,역삼,22,20.75,39.5,39.5,44.1,41.3,31.35,38.6,41.25,46.8,56.95,71.8,94.9,111.55,88.55,56.05,56.9,66.7,37.15,16,8.2
2호선,221,역삼,51.7,34.95,59.35,59.35,61.3,45.85,43.65,41.9,42.15,44.8,46.5,49.4,60.3,84.4,69.4,46.35,46.3,57.1,32.95,17.55,5.6
2호선,222,강남,21.6,18.3,32.4,32.4,31.45,32.6,30.5,41.75,43.85,48.4,62.7,79.5,103.5,123.25,102.95,68.35,72.5,88.85,50.35,21.85,10.6
2호선,222,강남,59.7,42.4,77.05,77.05,87.05,64.75,51.75,46.75,45.85,47.2,45.55,45.35,54.55,68,57,40.6,39.75,50.5,30.65,16.55,6
2호선,223,교대,20.7,17.85,32.8,32.8,29.4,30.7,28.9,39.65,43.05,46.25,62.7,78.5,102.65,128.75,112.35,74.45,76.65,98.9,55.6,23.45,11.6
2호선,223,교대,76.7,52.2,95.35,95.35,107.9,77.8,59.75,49.4,48.05,50.95,47.35,45,51.25,60.25,51.25,35.65,32.8,35.85,25,14.55,6.5
2호선,224,서초,20,15.95,29.4,29.4,24.2,25.5,26.3,38.25,41.85,46.4,64.25,81.35,106.35,134.55,114.45,75.8,78.2,99.15,56.35,23.45,11.4
2호선,224,서초,80.8,59.1,102.65,102.65,112.55,80.45,59.35,50.1,47.8,50.7,45.3,42.95,48.65,53.95,47.65,32.8,31.7,31.85,24.85,14.85,6.8
2호선,225,방배,20.3,16.25,29.2,29.2,22.45,23.85,25.15,38.5,41.25,46.8,67.05,83.9,107.1,137.95,119.85,76.1,80.95,100.5,57.05,26.3,11.2
2호선,225,방배,84.4,62.2,109.3,109.3,112.6,82.7,59.85,49.8,48.75,46.45,41.2,41.65,43.3,46.75,44,29.4,29.5,29.45,24.2,14,7
2호선,226,사당,18.1,16.1,28,28,23.95,23.8,22.35,34.35,38.1,43.7,58.45,71.65,91.5,120.75,112.5,70.25,75.75,99.35,62.45,28.7,18.7
2호선,226,사당,86.2,63.6,113.15,113.15,110.45,74.85,62.15,51.55,49.45,46.2,40.8,39.85,41.95,43.85,42.8,28.9,29.85,28.45,25.1,14.05,3.7
2호선,227,낙성대,21,16.6,28.9,28.9,24.7,22.15,22.95,32.1,38.1,42.1,54.4,70.3,86.6,114,105.55,63.45,72.5,88.15,59.8,25.85,16.5
2호선,227,낙성대,79.5,64.25,106.3,106.3,95.45,65.35,53.35,48.6,45.35,41.35,37.2,38.7,40.15,45.85,41.45,28.3,29.75,28.5,25.4,14.05,3.9
2호선,228,서울대입구,14.9,16.9,30.35,30.35,22.95,19.25,20.25,28.9,35.55,39.4,50.25,65.95,73,108.45,91.8,57.3,65.25,78.3,52.4,24.7,18.8
2호선,228,서울대입구,74.4,60.3,98.55,98.55,90.2,61.55,50.65,46.2,43.5,39.6,35.65,37.45,38.85,45.95,41.15,28.5,30.5,29.6,25.35,14.6,5
2호선,229,봉천,19.7,18.45,34.05,34.05,25.05,20.35,20.6,29.25,35.85,38.95,48.55,63.05,69.55,102.45,84.45,51.9,60.75,72.85,49.9,22.5,16.3
2호선,229,봉천,70.9,54.25,86.7,86.7,79.15,54.75,45.6,42.4,39.3,35.9,31.8,34.05,35.05,43.65,40.5,28.75,27.1,27.3,24.25,14.55,5
2호선,230,신림,29.6,21.55,38.35,38.35,29.35,21.5,22.5,27.85,35.25,36.3,43.1,54.9,60.05,84.65,66.1,39.65,46.5,56.05,37.75,16.35,9.5
2호선,230,신림,65,49.85,78.9,78.9,74.45,51.7,42.15,41.35,38.7,33.75,31.6,35.2,34.9,45.7,43.4,31.25,28.6,29.4,26.75,16.4,6.3
2호선,231,신대방,39.7,25.35,44.8,44.8,35.05,25.05,24.35,28.65,36.2,36.35,41.95,52,58.45,77.7,63,38.75,40.85,50.45,33.2,15.25,8.9
2호선,231,신대방,49.2,40,59.95,59.95,55.35,41.9,33.8,33,33.35,29.2,28.6,32.65,34.95,49.2,51.6,33.75,33.7,36.05,33.9,22.4,10.6
2호선,232,구로디지털단지,59,32.05,53,53,38.25,27.65,27.7,31.65,40.9,38.95,42.75,56.35,66.3,87.2,67.7,39.35,39.7,48.15,32.25,13.9,7.4
2호선,232,구로디지털단지,41.2,36.75,55.25,55.25,48.8,38.75,31.55,32.05,32.6,29.05,29.8,34.85,36.9,54.85,58.5,37.7,40.7,40.45,37.1,26.95,12.9
2호선,233,대림,84.3,42.4,58.9,58.9,43.9,30.05,31.55,34.35,43.25,40.05,43.2,54.65,64.2,84.9,64.2,36,34.6,41.75,27.2,12.75,6.2
2호선,233,대림,33.5,34.25,54.6,54.6,52.6,42.7,33,33.15,34.05,30.9,33.25,37.3,40.6,55.8,63.7,42,47.6,47.95,43.45,33.45,16.1
2호선,234,신도림,26.6,34.4,71.95,71.95,62.5,42.4,38.65,38.35,47.05,42.75,40.65,44.9,50.5,56.45,54.3,26.9,24.55,30.15,19.25,10.35,5.4
2호선,234,신도림,25.7,30.45,48.1,48.1,40.55,31.4,26.2,34.1,34.25,31.55,35.45,40.2,44.25,64,64.3,35.4,49.05,47.25,45.3,19.1,6.6
2호선,235,문래,26.4,33.9,67.65,67.65,66.85,50.4,44.95,42.1,47.2,42.9,40.85,45.2,53.65,57.25,57.75,29.5,30.8,31.5,30.65,14.55,5.2
2호선,235,문래,23.9,37.75,61.1,61.1,28.3,22.7,23,29.35,33.65,31.15,37.85,47.95,63.3,87.2,82.85,47.35,68.4,65.75,59.75,22.4,8.1
2호선,236,영등포구청,27.8,32.75,68,68,64.25,48.55,46.25,44.5,46.05,42,39.95,42.65,53,58.6,55.45,27.9,28.75,29.85,27.1,13.05,4.8
2호선,236,영등포구청,22.9,36.15,60.95,60.95,30,23.65,23.3,29.1,33.6,31.25,37.75,47.8,61.85,83.45,83.05,45.25,66.85,65.9,54.9,22.15,8.7
2호선,237,당산,27.4,32.25,65.5,65.5,67.95,51.95,49.85,47.95,49.25,44.2,41.95,43.4,55.05,62.2,55.45,28.15,28.85,28.6,25.95,12.75,4.9
2호선,237,당산,18.9,30.75,56.05,56.05,26.55,21.75,20.55,26.65,31.95,30.15,36.4,46.3,59.6,76.9,81.7,46.9,69.05,70.8,58.7,24.5,10.7
2호선,238,합정,25.2,30.85,60.05,60.05,61.25,48.2,47.65,44.2,46.5,41.25,37.05,36.15,43.45,50.15,41.75,22.15,23.2,23.9,21.85,10.55,4.3
2호선,238,합정,23.7,29.9,58.25,58.25,25.45,21.2,21.2,26.6,33.55,31.75,37.85,51.6,60.9,81.6,81.65,51.8,74.6,74.7,57.55,27.6,12.2
2호선,239,홍대입구,21.2,32.4,65.2,65.2,59.6,44.55,49.15,44.3,45.6,41,37.1,36.95,43.7,44.25,36.9,22.6,27.9,33.5,29.5,16.05,4.6
2호선,239,홍대입구,13.8,19.65,37.75,37.75,18.95,16.95,19.45,24.5,30.7,30.3,36.8,49.1,58.5,77.15,75.7,49.65,66.8,67.35,52.95,24.7,12.3
2호선,240,신촌(지하),21.9,31.5,63.25,63.25,57.05,41.55,47.4,42.6,44.1,40.7,38.9,39.7,46.75,45.6,35.9,24.05,29.65,38.65,33.2,17.65,3.7
2호선,240,신촌(지하),14,15.3,29.55,29.55,19.05,19.75,22.25,29.85,36.35,34.95,42.1,55.45,64.65,87.5,83.75,52.95,65.65,63.1,47.2,21.7,9.5
2호선,241,이대,22.4,31.2,63.3,63.3,54.5,39.25,44.95,40.2,44.15,42.15,40.35,40.75,50.9,46.65,37.8,25,30.15,38.95,32.6,18.65,3.1
2호선,241,이대,12.8,14.75,30.8,30.8,22.25,23.15,24.8,31.35,37,34.85,40.4,52.7,62.25,86.85,83.5,53.05,59.2,56.45,43.2,20.35,10
2호선,242,아현,19.4,33.55,64.65,64.65,54.35,40.05,45.9,41,44.7,42.5,40.65,41.1,51.6,46.6,37.25,24.55,29.7,37.3,33.6,19.15,3.9
2호선,242,아현,11.8,14.5,31.25,31.25,25.85,26.1,27.25,34,37.35,35.45,41.55,50.85,60.3,89.5,84.45,52.7,59.2,58.05,42.8,21.55,11.1
2호선,243,충정로,20.4,33.65,63.45,63.45,56.75,43,45.45,42.2,45.9,43.75,42,42.4,53.9,52.15,39.35,25.85,29.85,37.25,33.65,19.05,3.7
2호선,243,충정로,9.9,15.25,30.95,30.95,25.45,25.9,27.7,32.9,36.9,36.3,41.95,51.75,61.35,93.95,82.85,54.7,60.9,60.45,42.1,21.4,8.8
2호선,244,용답,20.8,18.4,35.45,35.45,40.65,26.55,18.05,16.3,17.45,15.95,16,16.85,22,22.5,11.05,7.25,5.05,4,2.05,1.4,0.4
2호선,244,용답,2.2,5,8.35,8.35,11.55,9.5,9.35,9.4,11.45,11.85,14.25,20.55,29.1,53.4,37.9,26.55,21.8,21.3,12.25,5.95,2.2
2호선,245,신답,15.7,15.8,31.05,31.05,38.05,26.7,16.85,15.15,16.05,15.6,15.7,14.6,19.75,22,11.2,7.15,5.2,4.5,2.75,1.5,0.5
2호선,245,신답,2.7,5.3,9.2,9.2,12.35,9.95,9.75,9.3,11.35,11.55,12.8,18.35,26.25,42.3,36.25,22.55,19.25,17.75,10.75,4.65,1.8
2호선,246,신설동,10.8,11.95,22.55,22.55,27,19.25,12.85,12.2,13.75,13.35,13.5,12.65,17.25,18.55,9.75,6.95,5.35,4.5,3,1.85,0.5
2호선,246,신설동,0,0,0,0,0,0,0,0,0,0,0,0,0,0,0,0,0,0,0,0,0
2호선,247,도림천,5,11.25,22.65,22.65,15.2,11.95,10.8,12.05,14.9,17.4,20,28.6,40.05,73.7,88.15,46.5,33.4,31.6,28.1,12,4.5
2호선,247,도림천,29.1,43.3,89.65,89.65,50.25,33.8,23.8,20.95,20.1,17.05,16.15,18.5,21.85,34.1,26.75,15.5,11.5,9.55,7.5,2.4,0.4
2호선,248,양천구청,6.1,10.95,23.9,23.9,15.2,11.7,10.35,10.8,12.95,14.3,16,22.45,31.5,59.6,69.5,35.05,25.4,22.65,22.4,11.3,3
2호선,248,양천구청,28.9,42.8,88.6,88.6,49.75,33.4,23.25,20.45,19.25,16.55,15.2,17.35,21.2,33.65,26.55,15.5,11.3,9.65,7.6,2.5,0.3
2호선,249,신정네거리,7.9,12.25,24.4,24.4,15,10.8,9.35,9.45,10.65,10.35,11.2,14.7,20.35,37.5,42.6,20.95,15.5,12.9,12.9,6.5,1.5
2호선,249,신정네거리,22.3,32.4,68.05,68.05,34.1,23.35,17.4,17.35,15.35,13.35,13.95,16,21.6,33.45,23.5,13.2,11.25,8.8,6.75,1.5,0.3
2호선,250,용두,13.3,13.75,26.3,26.3,30.9,22.3,14.55,14.4,15.45,15.15,15.55,15.25,20.1,22.35,11.6,7.3,5.65,4.55,2.9,1.7,0.5
2호선,250,용두,3,4.85,8.5,8.5,10.6,8.65,8.55,7.95,9.7,10.05,10.45,16.35,22.8,37,30.95,19.15,16.6,15.3,9.7,3.7,1.3
2호선,260,까치산,0,0,0,0,0,0,0,0,0,0,0,0,0,0,0,0,0,0,0,0,0
2호선,260,까치산,10.4,18.15,45,45,22.25,15.05,11.5,11.7,10.9,10.45,12.15,14.55,20.35,34.15,27.15,13.85,11.85,9.05,7.25,1.65,0.4
2호선,9001,성수E,0,0,0,0,0,0,0,0,0,0,0,0,0,0,0,0,0,0,0,0,0
2호선,9001,성수E,8.6,17.35,42.7,42.7,34,29.05,31.45,27.45,31.05,32.2,32.35,37.6,39.1,57.55,52.6,45.7,38.7,45.35,24.3,12.2,4.3
2호선,9002,성수,0,0,0,0,0,0,0,0,0,0,0,0,0,0,0,0,0,0,0,0,0
2호선,9002,성수,1.3,4.6,8.4,8.4,12.4,10.3,10.2,9.75,11.4,13,15.8,21.7,30.1,59.55,43.9,30.8,25.75,25.6,14.7,8.3,3.2
2호선,9003,신도림,4.8,11.15,23.7,23.7,14.6,12.3,10.6,13.25,15.4,17.85,20.35,28.9,44.6,78.5,83.05,46.15,34.05,32.15,28.9,12.45,4.8
2호선,9003,신도림,0,0,0,0,0,0,0,0,0,0,0,0,0,0,0,0,0,0,0,0,0
3호선,309,지축,15.8,11.1,16.75,16.75,15.45,13.7,15.85,17.35,21.35,23.6,32.65,34.3,47.25,84.9,86.85,49.65,45,34.75,33.95,28.9,0
3호선,309,지축,40.4,44.3,89.5,89.5,59.85,43.55,40.8,32.8,29,26.1,24,23.6,28.45,28.45,21.5,11.95,11,8.7,7.8,4.4,3.4
3호선,310,구파발,16.2,8,10.95,10.95,8.65,8.8,9.55,11.55,22.05,15.85,26.35,35.45,38.4,55.7,49.15,31.4,26.5,24,22.85,8.8,0
3호선,310,구파발,18.1,33.55,60.95,60.95,41.55,40.85,36.1,28.2,31.15,24.3,21.3,28.7,21.3,22.35,13.95,9.5,8.55,10.1,7.6,3,3.5
3호선,311,연신내,17.3,10.15,13.35,13.35,11,11.35,12.7,17.15,24.95,23.05,31,43.6,47.45,67.25,61,38.95,32.55,30.25,28.45,12.35,3.4
3호선,311,연신내,26,37.8,68.1,68.1,49.8,41.55,42,30.95,33.25,26.9,21.45,30,19.65,18.5,13.55,8.1,8.1,9.15,7.1,2.95,2.8
3호선,312,불광,15.3,11.2,15.1,15.1,13.35,14,15,20.5,29.35,28,38.1,54.1,61.55,85.7,79.6,50.35,41.55,38.9,35.25,17.4,6.5
3호선,312,불광,34.1,43.3,78.2,78.2,59.9,48.05,46.8,34.55,38.25,31.15,24.45,33.75,23.25,22.15,15.65,9.55,9.45,10.35,8,3.6,3.2
3호선,313,녹번,14.3,9.55,13.85,13.85,13.05,13.1,14.3,20.25,29.2,27.45,39.7,53.25,61.7,86.8,80.45,50.1,42.1,39.75,36.45,18.45,7.9
3호선,313,녹번,40,49.05,89.55,89.55,67.65,55.5,49.45,38.45,40.95,32.75,25.35,34.4,23.7,23.15,15.65,9.5,9.25,9.3,7.75,3.6,2.8
3호선,314,홍제,12.4,9.15,12.85,12.85,12.7,12.65,14.55,20.9,30.7,28,42.5,57.35,73.65,98.05,86.35,57.05,47,44,41.6,21.3,9.6
3호선,314,홍제,45.5,49.75,94.8,94.8,73.6,61.75,53,39.8,45.45,36.6,26.75,36.8,26.5,25.05,16.25,9.8,9.65,9.55,8.05,3.45,2.6
3호선,315,무악재,10.2,8.75,12.8,12.8,13.85,13.85,15.5,22,32.75,30,48.55,59.95,79.4,106.2,93.3,61.15,51.05,49,43.95,21.05,11.6
3호선,315,무악재,46.8,51,97.85,97.85,76.45,64.25,54.05,40.95,45.8,37.2,26.95,37.35,27.6,24.9,16.5,9.7,9.8,9.85,8,3.45,2.5
3호선,316,독립문,9.9,8.75,12.75,12.75,14,13.7,15.45,22.3,33.2,30.65,52.65,60.8,80.75,108.3,95.8,62.75,52.25,50.7,45.7,20.05,12.2
3호선,316,독립문,32.6,52.05,96.6,96.6,77.85,64.55,56.65,40.4,47.25,38.1,27.6,39.05,28.75,26.05,16.7,10.4,9.95,10.1,8.15,3.35,2.4
3호선,317,경복궁,10.9,8.9,13.5,13.5,14.65,14.25,16.35,23.75,34.35,31.15,53.45,61,87.1,107.55,97.3,64.25,52.7,51.7,47.1,20.75,7.2
3호선,317,경복궁,32.8,49.45,93.55,93.55,75.35,64.9,59.5,44.65,52.5,46.75,37.9,53.7,43.5,42.15,25.95,15.9,16.05,15.85,12,4.15,2.3
3호선,318,안국,11.8,11.4,18.75,18.75,28.75,25.8,26.2,33,44.65,37.3,57.75,63.2,84.6,105.6,96.9,61.3,50.95,50.45,47.15,21.05,7.5
3호선,318,안국,32.5,46.5,84.05,84.05,71.6,62.3,58.4,47,56.3,57,46.95,71.75,60.8,61,36.2,22.4,21.8,20.2,13.9,5.15,2.2
3호선,319,종로3가,12.3,16.05,32.25,32.25,39.65,37.35,39.3,42.6,54.7,43.35,61.65,63.35,81.45,102.95,89.45,58.3,50.3,48.55,44.7,19.25,7.7
3호선,319,종로3가,27.1,37.55,67.05,67.05,57.35,50.1,46.3,38.85,46.8,49.75,41.5,61.5,55.25,54.95,35.15,21,20.3,19.65,13.4,5.8,2.5
3호선,320,을지로3가,6.7,11.95,26.2,26.2,33.7,30.6,34.5,38.1,46.8,36.65,52.1,50.95,66.75,86.25,73.75,48.35,40.95,39.25,34.7,15.45,6.4
3호선,320,을지로3가,23.6,30.4,51.7,51.7,49.4,45.3,41.95,35.7,43.8,47.55,39.7,60.9,55.85,60.65,39.15,22.85,22.8,23.95,15.85,7.85,2.9
3호선,321,충무로,8,11.65,28.35,28.35,34.1,29.65,33.2,36.75,44.35,35.15,50.35,47.15,59.75,74,65.4,42.1,34.75,33.8,29.7,12.85,5.6
3호선,321,충무로,22.1,35.55,58.4,58.4,56.45,50.95,45.05,37.15,48.05,52.8,42.25,64.95,59.45,65.2,42.7,25.3,24.65,26.95,18.05,9.05,2.7
3호선,322,동대입구,8.1,10.85,29.8,29.8,34.85,29.7,34.55,40.05,47.9,37.7,53.95,50.6,65.6,80.55,75.65,49.55,38.55,36.4,32.25,12.3,5.2
3호선,322,동대입구,21.7,33.75,55.9,55.9,53.25,44.8,41.2,33.6,42.85,52,43.3,65.55,62.05,66.6,44.1,26.45,26.2,28.75,18.55,10.35,2.6
3호선,323,약수,8.1,11.45,31.5,31.5,37.75,32.1,36.1,41.4,47.2,36.9,51.15,47.75,62,74.9,73.45,45.8,35.3,32.9,30.9,12.05,5.3
3호선,323,약수,29.3,39.2,67.1,67.1,63.05,51.5,46,37.9,46.15,56.45,46.55,65.1,68.2,66.05,49.05,28.1,27.45,31.05,21.5,11.85,3.8
3호선,324,금호,10.2,11.3,32.15,32.15,40.9,35.4,39.9,44.4,51.85,40.3,56,53.3,71.55,90.25,85.6,53.9,41.1,39.6,35.05,14.9,6.5
3호선,324,금호,32,39.65,68.55,68.55,66.5,53.4,46.75,38.3,46.35,56.2,46.15,63.55,67.4,64.1,47.8,27.25,26.4,29.45,20.35,11.05,3.5
3호선,325,옥수,8.9,10.25,30.2,30.2,39.5,33.9,39.5,44.45,49.4,40.35,57.6,54.25,72.85,92.3,87.7,55.1,42.05,40.85,36.25,14.2,3.4
3호선,325,옥수,36.4,43.8,74.55,74.55,76.25,60.7,52.6,41.2,49.65,59.7,47.4,65.85,69.95,64.85,49.15,27.4,26.55,29.45,20.65,11.75,4.5
3호선,326,압구정,7.8,11.2,30.2,30.2,39.65,34.5,41.05,46.4,52.3,44.2,65.6,60.35,82.6,104.4,95.2,61.05,46.95,45.45,40.2,15.25,1.9
3호선,326,압구정,16.1,39.65,68.8,68.8,62.45,51.2,47.85,38.65,45.25,59.6,50.2,68.65,71.75,68.5,55.75,32.85,29.6,33.5,22.1,11.85,4.1
3호선,327,신사,7.4,12.7,32.9,32.9,50.4,40.55,46.55,50.7,52.85,44.5,62.7,56.8,80.55,95.55,85.15,52.7,41.35,42.75,32.7,13.65,2.2
3호선,327,신사,14.6,32.8,50.55,50.55,42.9,37.1,38.35,33.65,38.55,51.5,43.1,57.75,63.7,61.25,52.3,32.05,28.9,35.75,22.15,11.45,3.7
3호선,328,잠원,7.7,13.3,31.55,31.55,55.7,42.55,41.85,47.1,47.15,40.6,55.4,48.85,68.4,77.35,65.1,39.7,32.05,33.15,25.45,10.35,2.2
3호선,328,잠원,15,33.1,52.4,52.4,43.95,38.15,39.35,34.45,39.05,51.8,42.8,56.6,65.1,58.6,52.6,31.75,28.4,35,21.85,12.05,3.2
3호선,329,고속터미널,7.5,13.35,30.55,30.55,55.1,42.1,41.4,46.45,46.35,41.5,56.1,49.6,68.8,78.95,65.45,40.35,33.05,34.65,26.85,10.95,2.6
3호선,329,고속터미널,17.4,38.2,68.3,68.3,55.15,47.7,42,37.1,41.9,54.65,44.2,56.2,67,59.5,51.4,33.6,27.95,34.35,21.25,11.9,4.1
3호선,330,교대,8.7,16.2,35.35,35.35,47.4,37.45,44.4,49.8,48.85,44.3,63.65,56,85.35,97.45,79,44.8,37.4,40.15,30.3,11.7,2.8
3호선,330,교대,21.5,36.7,59.05,59.05,41.75,33.75,30.15,27.45,33.75,42.55,36.95,47.1,58,50.9,45.6,27.8,24.75,31.75,19.55,11.9,3.4
3호선,331,남부터미널,8.3,14.1,34.45,34.45,40.75,33.3,38.65,42.3,38.65,34.5,49.85,44.35,70.75,81.5,60.5,34.05,28.45,33.3,22.25,8,2.2
3호선,331,남부터미널,19.1,29.65,50.6,50.6,32.1,26.4,24.5,23.35,27.55,35.1,31.75,39.15,52.15,49.85,41.35,26.35,23.8,29.75,18.3,10.7,2.7
3호선,332,양재,8.7,15.1,35.2,35.2,38.25,30.4,34.5,37.4,31.95,29.8,41.85,38.2,55.7,62.3,48.9,26.75,22.3,26.15,15.25,6.3,1.4
3호선,332,양재,7.5,20.65,30.4,30.4,17.4,16.3,17.4,18.45,21.95,28.5,26.65,33.7,49.7,47.55,41.35,24.75,23.95,27.15,17.2,9.7,2.1
3호선,333,매봉,9.5,15.5,37.6,37.6,39.3,29.5,29.65,31.3,26.55,23.65,30.65,28.15,38.4,37.55,28.25,15.15,12.8,17.05,10.7,4.8,1.7
3호선,333,매봉,8.2,18.05,27.05,27.05,14.9,13.95,15.6,17.55,20.3,27.25,26.5,33.3,49.6,48.25,42.05,24.35,23.85,26.1,17.85,9.4,2.7
3호선,334,도곡,8.8,15.6,38,38,37.75,28.6,28.35,29.7,25.3,21.7,27.4,25.25,34.25,30.95,24.05,13.1,10.85,16.95,9.95,4.55,1.8
3호선,334,도곡,7.3,16.5,23.9,23.9,11.65,11.25,13,14.65,17.75,23.45,23.15,27.7,43.5,41.15,35.95,21.9,20,23,16.5,8.85,3.2
3호선,335,대치,7.5,14.45,35.35,35.35,33.05,25.25,24.3,25.35,21.9,19,23.6,21.5,29.25,26.55,18.9,10.6,9.05,14.55,7.3,4,1.7
3호선,335,대치,7.4,15.05,22.1,22.1,10.6,10,11.65,12.75,15,19.6,19.9,23.85,37.55,37.4,32.35,20,18.3,25.25,16.05,7.65,2.6
3호선,336,학여울,6,12.45,31.7,31.7,29.9,23.55,22.1,23.15,19.4,18.25,22.8,21.1,28.55,25.05,17.45,8.85,7.6,7.85,5.3,3.7,1.8
3호선,336,학여울,7.8,14.85,21.9,21.9,10.65,9.8,11.25,12.55,14.45,18.7,18.95,23.95,37.15,36.35,32.9,20.85,17.15,24.9,15.75,7.4,2.5
3호선,337,대청,7.6,11.55,33.6,33.6,28.3,22.9,21.7,23.25,19.2,17.75,22.4,20.75,28.2,24.9,15.9,8.7,7.5,7.85,5.35,3.65,1.8
3호선,337,대청,7.8,13.45,19.55,19.55,10.1,9.4,10.1,12.3,13.6,16.65,18.3,21.9,35.4,34.1,29.35,18.35,14.85,20.45,13.1,6.6,1.9
3호선,338,일원,6.9,10.2,30.3,30.3,25.05,19.6,19.75,20.95,17.7,16.4,19.3,17.6,25.05,21.2,14.25,7.75,7.05,7.4,5.1,3.9,1.9
3호선,338,일원,6.9,10.25,14.2,14.2,8.25,7.5,8.6,10.8,11.4,14.05,16.6,20.5,35.35,30.6,30,15.95,14,17.65,11.65,6.35,1.5
3호선,339,수서,7.1,10.35,28.3,28.3,23.25,17.85,16.65,18.05,14.55,14.05,15.4,12.8,18.35,18.1,12.75,7.2,6.75,6.95,5,3.3,2.1
3호선,339,수서,7.9,7.6,12.8,12.8,7.9,7.1,8.25,10.55,11.65,12.9,15.75,19.45,33.75,30.35,27.4,15.1,12.65,15.2,11.6,6.3,1.1
3호선,340,가락시장,12.9,23,38.45,38.45,23.2,17.5,14.6,16.75,13.1,12.9,14,14.55,19.1,22.6,12.65,7.2,6.65,7.15,4.6,2.9,2
3호선,340,가락시장,0,5.1,8.1,8.1,6.15,6,6.35,7.15,7,8.35,10.25,14.55,21,17.35,24.4,11.85,10,13.6,9.55,5.65,2.1
3호선,341,경찰병원,9.8,14.75,26.05,26.05,14.1,10.25,9.2,10.65,8.45,7.75,8.55,9.8,11.3,13.05,6.8,3.7,3.45,4.05,2.15,1.55,0
3호선,341,경찰병원,0,4.05,5.95,5.95,3.5,3.65,4.8,5.5,5.45,6.9,8.2,11.5,17.9,15.35,19.3,9.1,8,10.45,7.1,3.75,1.2
3호선,342,오금,8,11.6,20.95,20.95,11.7,8.1,6.95,8.25,6.7,5.95,6.15,7.4,8.3,8.95,5.2,2.75,2.7,3.25,1.6,1.3,0
3호선,342,오금,0,0,0,0,0,0,0,0,0,0,0,0,0,0,0,0,0,0,0,0,0
4호선,409,불암산,0.3,3.85,3.75,3.75,1.9,2.05,1.7,3.05,4,3.25,4.55,6.5,8.4,11.9,8.25,4.6,3.9,4.5,4.1,4.95,1.4
4호선,409,불암산,5.6,7.9,18.2,18.2,13.1,8.8,9.25,7.3,8.85,5.85,6.35,6.65,6.6,7.05,5.3,2.4,2.6,2.4,1.9,2.05,0
4호선,410,상계,0,6.05,5.85,5.85,3,2.65,3.4,4.25,5.95,6,7.6,9.7,11.45,15.9,12.55,7.7,6.95,6.7,7.5,4.85,2.3
4호선,410,상계,11.5,16,31.65,31.65,20.25,15.5,14.65,12.4,13.15,10.65,10,10.75,10.1,10.35,7.4,4.05,4.5,4.65,3.3,3.15,0
4호선,411,노원,0,9,9.15,9.15,4.7,4.2,5.6,6.9,9.3,9.9,12.65,15.8,19.5,26.7,23.4,13.95,12.15,11.5,13.15,7.55,4
4호선,411,노원,14.1,21.45,41.3,41.3,26.95,20.85,20.1,18.2,19.15,16,15.85,17.3,15.9,15.85,12,8.2,9.15,11.1,8.3,7,0
4호선,412,창동,0,14.3,14,14,9.65,8.35,10,10.95,14.85,15.65,19.45,23.6,30.35,41.95,37.65,20.3,17.9,16.5,18.95,11.05,5.3
4호선,412,창동,24.1,27.65,55.8,55.8,43.8,33.05,30.9,27.4,27.85,22.55,22.55,25.35,22.15,20.65,15.75,10.3,10.45,12.7,10,9.5,3.8
4호선,413,쌍문,0,19.35,17.6,17.6,12.95,11.75,14.8,15.75,20.45,22.4,28.05,33.25,44.2,62.4,56.9,31.05,27.8,25.55,29.75,15.05,6.9
4호선,413,쌍문,35.1,34.4,69.95,69.95,54.5,40.2,35.8,33.15,32.2,25.6,24.1,25.3,24.4,21.1,15.9,10.35,10.05,12.05,10,8.2,3.1
4호선,414,수유,32.3,16,15.9,15.9,12.25,11.9,14.8,16.25,21.35,24.25,32.9,37.9,55.35,72.9,70.3,39.1,34.3,31.95,38.65,19.2,9.8
4호선,414,수유,42.8,39.65,79.55,79.55,64.25,47.5,41,37.4,37.55,28.9,27.1,28.25,26.1,22.55,16.65,10.8,10.2,11.55,9.7,7.8,2.5
4호선,415,미아,28.4,15.4,14.6,14.6,12.45,12.35,15.6,17.25,22.85,26.85,36.65,43.5,63.2,82.95,84.55,45.95,40.95,38.15,46.7,23.65,13.3
4호선,415,미아,46.8,41.2,84.2,84.2,67.1,50.7,42.55,39.65,40.5,30.65,29.2,31,28.65,24.55,17.15,11.2,10.35,12.7,9.55,8.3,2.2
4호선,416,미아사거리,26,14.85,15.9,15.9,12.85,13,16.7,19.1,23.45,28.6,39.8,45.7,69.7,85.65,89.4,48.3,42.85,40.5,51.25,25.4,14.6
4호선,416,미아사거리,55.5,45.85,92.2,92.2,73.7,55.25,46.2,40.75,43.45,32.85,30.5,32.5,30.25,25.3,17.7,12.05,10.45,12.35,9.95,7.8,2.2
4호선,417,길음,24.7,14.95,15.4,15.4,13.25,13.75,17.65,20.2,24.95,30.35,42.45,48.6,77.75,96.45,96.75,51.45,46,45.85,55.7,27.6,16
4호선,417,길음,59.7,50.3,100.45,100.45,81.75,58.9,50.95,43.4,46.9,34.75,33.25,33.7,33.15,26.9,19.15,12.6,10.7,12.55,10.2,7.8,2
4호선,418,성신여대입구,23.1,14.65,14.45,14.45,14.95,15.9,19.65,22.55,27.8,32.85,44.9,52.35,83.95,106.55,103.35,56.25,50.05,53,58.5,30.65,17.4
4호선,418,성신여대입구,73,52.85,107.25,107.25,94,65.85,55.65,47.9,51.65,37.6,38.8,38.65,39.65,32.2,22.5,15.65,13.6,16.3,13,10.75,3.9
4호선,419,한성대입구,22.6,15.15,15.7,15.7,16.8,18.25,23.6,25.5,30.9,36.4,49.7,56.9,92.05,114.5,112.6,59.65,55.05,57.7,65.2,32.1,15.4
4호선,419,한성대입구,57.3,53.3,105.3,105.3,97.6,68.05,57.45,50.3,53.5,39.35,41.2,41.4,43.55,35.2,24.55,18,15.5,17.6,14.1,11.45,3.9
4호선,420,혜화,23,16.35,16.6,16.6,18.55,20.6,24.85,26.95,33.85,38,52.05,57.95,94.15,116.9,114.1,61.2,57.4,59.25,66.85,33.65,10.3
4호선,420,혜화,59.1,51.45,101.1,101.1,94.3,66.9,59.7,53.85,56.95,42.85,48.95,52.1,53.2,47.05,30.35,23.9,24.5,37.2,29.2,18.1,5.2
4호선,421,동대문,21.5,20.15,22.95,22.95,28.55,31.3,32.55,33.15,43.6,48.3,56.3,62.1,98.95,122.2,119.3,60.95,55.7,56.65,62.75,33.5,11
4호선,421,동대문,60.1,48.75,94.1,94.1,89.9,72.15,57.2,55.25,57.5,45.65,52.2,56,59.85,50.65,34.05,25.45,25.6,37.55,30.1,18.7,5.5
4호선,422,동대문역사문화공원,16.9,21.05,23.75,23.75,31.8,33.35,36.9,36.95,46.65,50.7,56.85,62,95.2,118.35,115.55,60.9,55.55,60.3,62,31.1,11.8
4호선,422,동대문역사문화공원,43.4,34.75,64.65,64.65,72.85,60.65,49.45,47.35,49.95,39.25,45.95,49,51.8,45.85,33.3,24.95,24.45,33.55,24.55,14.75,5.2
4호선,423,충무로,13.3,16.5,22.5,22.5,28.45,31.2,32.6,34.5,41.75,44.5,48.1,53.2,79.25,98.15,79.05,47.25,41.45,44.7,46.45,22.55,9.1
4호선,423,충무로,39.7,26.35,50.3,50.3,58.3,50.45,44.25,45.4,45.15,38.55,46.05,50.85,54.65,52.75,38.3,28.4,26.35,33.95,27.2,14.3,4.6
4호선,424,명동,12.1,17.1,26.45,26.45,33.75,36.35,35.6,35.9,42.35,43.4,45.25,49.2,72.8,82.1,63.1,38.45,34.1,37.5,39.55,19.5,8.4
4호선,424,명동,37.9,24.25,44.15,44.15,48.3,42.15,39.9,39.75,39.2,35.4,43.15,49.85,53.6,53.8,38.85,26.95,28.5,38.05,31.8,14.7,3.9
4호선,425,회현,12.3,19.3,30.75,30.75,37.15,38.6,35.9,38,42.75,42.7,43.15,44.75,66.2,71.3,54.9,33.5,28.25,27.5,27.05,15.2,8.2
4호선,425,회현,22.1,23.55,37.8,37.8,37.8,32.8,30.55,33.5,35.7,33.8,41.95,52.6,58.2,61.3,44.05,30.8,30.2,38.5,31.9,14.4,3.6
4호선,426,서울역,11.7,20.55,35.75,35.75,42.1,43.15,40.35,39.6,41.95,39.95,37.55,37.85,54,58.35,47.1,26.85,25.8,26.15,25.95,14.7,6.6
4호선,426,서울역,18.6,15.85,25.35,25.35,25.5,23.65,21.65,24.95,27.15,25.2,30.6,39,45.55,49.35,39.85,23.1,22.5,27.35,22.6,12.4,6.5
4호선,427,숙대입구,17.2,17.75,31,31,31.95,29.9,27.7,26.85,30.2,27.65,28.45,27.05,38.65,42,33.15,19.15,18.65,19.8,19.9,9.55,4.8
4호선,427,숙대입구,20.7,15.25,23.6,23.6,23.75,20.85,19.4,24.65,25.8,24.85,30.15,39.85,46.45,49.85,39.5,23.75,22.8,27.2,23.8,12.5,5.7
4호선,428,삼각지,16.2,18.25,33.05,33.05,32.75,30.75,28.1,26.4,29.7,27.7,25.7,25.5,37.4,37.95,31.85,18.2,16.75,18.5,18.5,9.1,5.4
4호선,428,삼각지,24.6,17.5,27.4,27.4,27.45,23.6,19.5,25.65,26.4,26.15,30.8,41.15,49.1,51.1,42.55,24.95,25.05,29.1,26.1,14,6.7
4호선,429,신용산,17.1,20.15,35.7,35.7,37.25,33.4,29.95,27.1,32.55,28.9,27.15,26.7,40.75,43.4,36.75,20.3,18.2,19.5,19.2,9.85,6
4호선,429,신용산,25.6,16.05,24.4,24.4,20.95,18.8,17.35,23.6,24.45,25.4,29.15,40.85,49.8,53.75,44.3,26.45,26.9,31.65,27.65,14.75,6.3
4호선,430,이촌,17.4,20.75,41.45,41.45,41.95,36.35,29.8,27.55,32.1,28.6,26.1,26.2,37.95,37.65,32.65,17.8,15,17.25,15.4,8.15,5.8
4호선,430,이촌,31.1,18.85,28.55,28.55,24.45,21.3,18.95,24.3,25.55,26.65,30.6,41.25,54,52.9,50.7,27.4,27.7,32.85,29.25,17.35,9.2
4호선,431,동작,17.1,23.85,43.75,43.75,44.55,37.95,30.35,30.35,33,29.5,27.45,28.5,40.15,41.55,35.45,20.7,16.6,21.2,17.4,9,6.4
4호선,431,동작,0,19.15,28.55,28.55,24.5,21.8,19,24.5,26,26.6,29.9,42.25,58.1,55.5,59.15,30.2,28.7,34.8,31,17.7,8.9
4호선,432,총신대입구,21.5,30.3,54.45,54.45,47.45,39.35,30.15,31.1,33.25,29.8,29.2,27.95,39.8,41.25,34.2,19.65,15.7,22.65,17.3,9,6.2
4호선,432,총신대입구,0,22.9,32.15,32.15,25.3,22.5,20.25,24.95,26.4,26.7,30.9,41.85,57.55,56.8,59.55,32.2,30.65,37.15,31.8,16.95,10.3
4호선,433,사당,19.9,32.3,59.9,59.9,52.95,41.7,34.5,34.2,33.6,31.7,32.25,30.9,40.35,44.4,38.55,20.05,16.75,22.9,18.65,7.1,7.4
4호선,433,사당,14.6,21.65,27.9,27.9,16.55,15.1,13.9,15.65,20.3,22.75,22.5,32.9,48.85,50.55,52.85,28.2,31.85,33.75,26.3,11.05,0
4호선,434,남태령,31.1,46.55,98.3,98.3,99.35,78.7,57.15,53.15,54.9,43.8,42.65,41.25,58.6,74.4,59.85,28.95,20.7,24.05,16.4,8.85,0
4호선,434,남태령,14.6,32.4,53.05,53.05,28.4,24.65,29.8,30.85,36.35,37.95,50.9,59.45,90.1,100.95,104.05,60.5,53.3,55.05,42,33.65,0
5호선,2511,방화,0,0,0,0,0,0,0,0,0,0,0,0,0,0,0,0,0,0,0,0,0
5호선,2511,방화,3.1,3.7,6.8,6.8,4,3.75,3.8,3.55,3.4,3.05,2.9,3.55,2.85,2.45,2.35,1.5,1.05,1,0.55,0.45,0.1
5호선,2512,개화산,3.2,1.45,2.55,2.55,1.3,1.4,1.6,2.25,2.5,2.7,3.2,4.25,4.85,6.6,5.25,3.8,3.9,3.75,2.8,1.85,1.2
5호선,2512,개화산,6.2,6.15,12.3,12.3,7.1,6.6,6.25,6.6,5.9,5.25,5.3,6.2,5.15,5.65,4.85,2.9,2.2,2.2,1.25,0.75,0.1
5호선,2513,김포공항,5,2.9,5.25,5.25,2.35,2.45,3.1,4.25,4.75,4.8,5.6,7.25,8.75,12.7,9.55,7.05,7.2,7,4.95,2.95,1.8
5호선,2513,김포공항,4.7,9.8,23.55,23.55,19.15,16.9,13.6,12.95,13.25,13.2,13.15,15.95,14.4,14.1,20.6,10.95,8.65,9.55,7.4,4,2.3
5호선,2514,송정,28.9,13.55,17.6,17.6,5.95,6.65,9.45,11.8,12.3,11.9,14.1,17.3,22.4,33.25,19.2,13.7,14,12.65,8.45,4.1,1.7
5호선,2514,송정,6.8,10.9,26.15,26.15,21.3,19.25,15.6,14.5,14.7,14.65,14.55,17.45,16.25,15,21.45,12.3,9.3,9.85,7.9,4.3,2.3
5호선,2515,마곡,30.1,14,18.4,18.4,6.35,7.3,10.2,12.95,13.3,13.4,15.75,19.7,25,36.85,21.2,15.7,16,14.9,9.65,5.25,2.7
5호선,2515,마곡,8.3,12.2,28.55,28.55,20.85,19.75,17.3,16.85,16.85,18,18.6,23.25,23.15,25.75,31.65,19.35,15.15,15.45,10.6,5.35,2.2
5호선,2516,발산,38.5,17.75,26.65,26.65,11.4,11.75,13.8,15.65,16.85,16.35,18.3,22.2,27.95,38.6,24.75,17.45,17.1,16.15,11.2,6.1,3.8
5호선,2516,발산,10,12.3,31.5,31.5,20.95,19.95,19.45,20.85,20.2,22.15,24.8,32.3,33.9,38.85,44.2,27.85,22.75,23.85,16.45,7.7,1.8
5호선,2517,우장산,41.3,21.85,40.2,40.2,18.8,17.25,18.35,19.2,20.8,20.7,21.2,24.4,31.7,41.75,29.5,20.35,18.1,17.7,12.15,7.35,5.3
5호선,2517,우장산,14.4,18.4,41.55,41.55,25.6,23.85,22.95,23.7,22.95,23.65,25.95,34.45,36.05,38.2,45.65,28.2,22.9,23.9,16.15,7.35,1.5
5호선,2518,화곡,38.4,21.25,42.9,42.9,18.75,17.95,18.45,19.7,22.25,22.4,23.2,28.3,37.5,51.55,36.9,26.3,23.4,23.7,17.05,10.6,7.4
5호선,2518,화곡,19.7,28.6,65.2,65.2,37.25,33.45,29.5,29.55,28.65,27,28.35,36.4,38.95,38.8,46.6,28.8,23,23.3,15.6,6.65,0
5호선,2519,까치산,26.8,20.6,40.6,40.6,18.45,17.45,18.75,20.8,23.9,25.15,27.95,35.45,48.95,72,53.85,40.7,35.95,34.15,26.15,16.35,10.9
5호선,2519,까치산,28,32.5,74.3,74.3,43.1,37.55,31.9,30.3,29.95,26.25,25,30,32.15,29.5,36.35,22.35,18.05,16.85,12.3,5.95,4.2
5호선,2520,신정,17.1,15.05,30.2,30.2,13.8,13.45,15.6,18.4,21.5,24.1,29.25,38.4,53.9,78.25,59.6,47.25,42.15,41.2,32.05,20.75,15.2
5호선,2520,신정,34.7,37.95,85,85,50.3,43.5,35.55,32.95,32.95,28.1,25.75,29.9,32.9,28.9,35.7,22.35,17.45,16.15,12.75,5.7,3.6
5호선,2521,목동,14.6,14.05,27.85,27.85,13,12.85,15.8,19.05,22.45,25.35,31.15,41.8,59.3,85.4,66.7,52.9,47.35,46.35,34.45,23.45,17
5호선,2521,목동,38.6,41.1,96.15,96.15,56.35,48.1,40.3,36.45,36,30.55,28.45,32.15,35,29.8,36.2,23.45,18.75,17.85,13.1,5.9,3.5
5호선,2522,오목교,12.5,13.95,27.5,27.5,14.05,14.05,17,21.3,24.9,28.75,35.9,47.3,68.7,100.5,77.7,61.7,54.65,51.1,39.95,27.6,19.5
5호선,2522,오목교,40.5,44.6,102.8,102.8,60,51.45,44.9,39.65,38.4,33.05,31.25,35.1,39.4,33.55,40.15,27.65,22.85,23.4,15.7,6.65,3.8
5호선,2523,양평,11.5,15.35,31.85,31.85,18.05,17.95,20.7,24.55,29.2,33.55,40.6,52.85,77.35,110.45,85.3,65.95,57.75,54.15,43.35,30.5,21.8
5호선,2523,양평,45.4,45.1,107.4,107.4,61.6,52.85,46.15,40.8,40.15,34.05,32.25,36.05,41.65,36.35,42.5,28.95,23.65,23.65,16.4,6.7,3.8
5호선,2524,영등포구청,10.9,15.75,32.8,32.8,19.45,19.05,21.7,25.35,30.05,34.35,41.45,53.95,80.3,110.65,86.8,68.15,60,55.95,45.4,32.15,22.5
5호선,2524,영등포구청,35.1,33.35,82.2,82.2,46.7,39.9,35.7,31.55,31.5,27.25,24.3,26.7,30.6,26.05,30.45,21.1,17,16.7,12.05,5.35,3.2
5호선,2525,영등포시장,7.5,11.2,23.15,23.15,14.15,14.25,16.7,20.1,23.55,26.3,33.5,43.75,64.05,87.7,68.25,52.2,46.7,42.7,32.25,22.55,16.6
5호선,2525,영등포시장,36.1,34.1,86.05,86.05,47.65,39.75,36.45,31.1,30.7,27.05,24.6,27.75,33.15,28.45,31.45,21.85,17.65,16.5,13.05,5.65,2.8
5호선,2526,신길,8.8,11.3,24.65,24.65,15.45,15.35,17.7,20.9,24.35,27,34.05,43.65,64.95,88.5,69.8,54.15,48.25,44.65,31.85,24.5,17.2
5호선,2526,신길,43,39.8,100.75,100.75,55.1,43.8,39.65,32.6,32.9,28.85,25.45,28.85,34.15,29.75,33.15,22.35,17.9,16.6,13,5.6,2.4
5호선,2527,여의도,7.8,12.45,26,26,15.95,15.9,18.3,22.05,25.9,28.55,36.95,47.5,73.5,103.75,74.35,60.2,54.65,49.8,34.75,23.95,0
5호선,2527,여의도,33.1,30.85,70.75,70.75,45.8,37.65,38.65,31.25,34,30.4,28.55,34.2,50.4,54.15,51.35,34.45,27.9,24.1,16.4,6.75,2.3
5호선,2528,여의나루,12.1,18.55,58,58,25.2,22.2,22.1,24.4,28.3,29.45,34.6,44.3,64.85,86.2,61.2,47,43.85,40.3,29.4,19.5,3.3
5호선,2528,여의나루,32.2,28.75,64.25,64.25,45.25,37.3,38.3,31.8,34.45,31.05,29.75,35.55,55.05,62.35,59.05,39.8,31.95,26.6,18.85,7.55,2.4
5호선,2529,마포,12.1,20.6,67.95,67.95,28.5,24.5,25,26.25,30.55,30.65,36.05,44.65,64.8,88.3,56.15,45.65,42.4,38.9,27.75,19.45,3.8
5호선,2529,마포,32,28.85,62.65,62.65,44.35,37.2,38.6,32.4,35,32.15,30.25,36.15,54.85,63.7,58.15,40.7,33.5,27.7,19.2,7.45,2
5호선,2530,공덕,10.4,21.7,69.4,69.4,30.3,25.7,25.65,26.75,30.5,30.85,36.05,45.5,64.45,84.85,56.2,45.3,41.2,37.2,26.65,19.95,5.2
5호선,2530,공덕,26.6,29,62.35,62.35,43.75,36.65,39.9,33.25,35.5,32.45,30.35,34.9,48.8,53.2,50.45,35.7,29.65,24.8,18.3,8,3.2
5호선,2531,애오개,10.6,19.75,55.8,55.8,27.3,23.6,24.65,26.1,29.45,30.6,36.15,45.55,66.6,86.45,57.35,44.85,40.6,36.55,25.75,16.95,6
5호선,2531,애오개,18.1,26.35,64.15,64.15,44.55,37.55,39.9,33.35,35.8,32.45,30.25,34.2,48.6,52.05,50.15,35.05,28.85,23.9,17.5,7.45,2.3
5호선,2532,충정로,14.4,19.6,53.8,53.8,27.5,23.5,24.75,25.65,29.45,29.95,35.75,45.95,67.4,86.6,57.2,44.3,41.45,37.1,26.65,17.55,3.8
5호선,2532,충정로,18.1,25.85,58.3,58.3,41.65,35.9,38.45,32.2,34.35,31.8,29.25,33.65,45.3,52.2,48.85,34.2,28.5,23.4,17.8,7.9,4.4
5호선,2533,서대문,13.9,20.2,54.7,54.7,27,22.9,23.55,24.45,29,29,35.15,44.8,64.55,80.2,52.7,41.75,39.85,36.05,25.9,17,3.8
5호선,2533,서대문,18.9,22.8,48.35,48.35,38.9,34.2,38.45,33,34.15,32.15,31.3,37.65,51.75,60.65,53.75,37.4,31.5,25.6,20,8.2,4.3
5호선,2534,광화문,12.6,22.95,62.05,62.05,31.3,25.7,24.8,24.4,30.15,29.4,33.4,41.05,57.2,68,47.05,39.1,35.95,33.2,23.85,17,4.5
5호선,2534,광화문,17.1,16.9,31.95,31.95,25.65,25.05,31.5,30.15,31.6,32.55,35.55,45.7,65,78.1,66.15,48.85,44.2,36.2,25.1,10.05,4.7
5호선,2535,종로3가,15.4,28.75,76.1,76.1,44.2,34.85,31.1,28,31.8,29.85,30.3,35.6,46.7,46.55,35.55,29.4,24.85,24,19.2,14.05,4.4
5호선,2535,종로3가,7.4,15.85,27.3,27.3,18.65,17.45,22.25,23.35,25.8,28.35,32.95,42.4,59.65,74.15,62.1,48.55,43.95,37.25,27.6,11.4,5.4
5호선,2536,을지로4가,13.8,30.35,74.5,74.5,45.2,37,33.3,29.1,28.6,27.05,25.9,29.75,39.3,35.8,30.1,23.8,19.45,18.7,14.75,10.45,4.9
5호선,2536,을지로4가,7.5,14,23.85,23.85,15.45,14.65,18.6,21,22.6,25.35,30.55,40.2,58.5,75.9,63.3,48,43.5,37.65,28.95,12.5,5.3
5호선,2537,동대문역사문화공원,14.2,30.6,74.1,74.1,43.55,34.65,31.4,26.85,26.35,23.95,23.3,25.65,33.45,28.95,25.2,20.1,16.4,15.35,12.45,9.1,2.3
5호선,2537,동대문역사문화공원,10.9,15.1,23.9,23.9,14.55,14.35,16.9,21.25,23.95,27.1,33.5,45.45,65.55,80.25,64.3,52,46.25,41.8,32.7,14.85,6.4
5호선,2538,청구,16.8,31.55,75.9,75.9,51.8,41.15,37,30.95,30.15,26.8,24.65,26.6,33.65,27.95,27.5,20.9,16.05,14.55,11.55,9.8,2.7
5호선,2538,청구,14.9,16.8,28.3,28.3,15.75,15.45,18.45,22.8,25.85,29.55,36.8,48.1,69.5,86.15,67,56.1,49.55,45.25,36,16.9,7.5
5호선,2539,신금호,21.2,34.1,78.55,78.55,56.6,46.2,40.75,34.25,34.5,29.2,27.25,29.75,38.4,30.6,31.3,23.05,18,16.5,13.65,11.2,3
5호선,2539,신금호,17.4,17.85,29.4,29.4,16.15,16.2,18.65,22.75,25.65,29.2,36.8,47.2,67.5,82.9,66.7,54.35,49.35,43.75,34.55,17.3,9.7
5호선,2540,행당,19.8,33.2,77.5,77.5,54.2,44.25,39.6,33.5,34.3,29.35,27.4,30.85,38.4,31.3,32.7,23.95,18.7,17,14.55,11.9,3.3
5호선,2540,행당,21.1,19.05,30.7,30.7,17.35,17.3,19.8,22.95,26.1,29,36.15,44.35,66.5,80.8,63.95,52.9,47.3,42.6,34.1,16.4,9.1
5호선,2541,왕십리,18.3,32.1,75.8,75.8,51.9,42.55,38.4,33,33.6,29.4,27.9,31.75,40.4,32.5,34.75,25.6,19.55,18.1,15.55,10.7,1.9
5호선,2541,왕십리,12.5,21.15,32,32,17.85,18.85,21.7,27.45,30.8,34.9,43.25,56.55,84.9,102.15,82.7,71.65,64.4,59.3,49.5,26.65,13.6
5호선,2542,마장,32.3,41.2,98.4,98.4,72.25,57.55,48.7,41.9,42.2,36,32.55,36.8,46.75,37.9,37.4,25.85,20.8,18.65,15.7,12.65,3.6
5호선,2542,마장,7.3,20.95,32.35,32.35,17.4,18.4,21.15,26.65,30.65,34.7,42.5,55.65,83.15,98.15,83,70.15,63.2,57.9,48.45,25.9,13
5호선,2543,답십리,31.7,41.75,97.65,97.65,71.95,56.35,48,41.5,40.3,35.05,31.75,36.1,45.4,37.05,36.8,25.15,20.45,18.4,15.85,12.55,3.8
5호선,2543,답십리,13,21.65,36.3,36.3,18.1,18.65,20.95,26.25,30.25,33.9,40.1,54.7,80.3,94.6,78.35,67,57.75,55.3,44.9,23.95,11.7
5호선,2544,장한평,28.5,40.45,90.95,90.95,68.45,53.7,45.7,39.75,39.2,33.95,31.6,34.75,44.5,36.8,38.7,26.2,21.25,19.1,17.2,13.35,4.7
5호선,2544,장한평,19.5,21.75,38.4,38.4,18.35,18.5,20.85,25.8,30.65,33.5,38.9,53.1,79,95.35,75.4,63.25,54.5,53.05,42.85,23.2,7.5
5호선,2545,군자,25.7,38.8,87.6,87.6,64.9,52.05,44.45,39.05,37.75,32.65,31.15,34.75,43.6,35.9,40.1,27.35,22.45,21.2,18.5,15.1,6.2
5호선,2545,군자,18.3,34,60.05,60.05,25,23.4,26.9,31.65,37.55,40.35,47.3,62.05,87.65,109.2,85.5,71.1,64.65,62.3,49.15,27.2,5.9
5호선,2546,아차산,37.3,43.75,97.75,97.75,75.8,62.6,52.65,46.45,46.55,38.5,39.1,44.85,55.9,48.65,55.25,35.55,28.95,27.65,23.25,20.1,6.6
5호선,2546,아차산,21.1,35.2,60.15,60.15,25.6,22.25,25.75,30.5,36.9,39.15,45.85,59.2,83.15,104.7,79.45,67.7,61.8,58.4,45.75,26.7,16.2
5호선,2547,광나루,32.9,40.55,93.15,93.15,70.8,56.9,50.6,43.8,44,36.7,37.15,44.5,55.2,47.45,55.85,35.85,29.25,27.3,22.95,16.8,6.6
5호선,2547,광나루,22.2,34.7,57.85,57.85,25.1,21.45,24.7,29.3,35.7,38.75,44.3,55.65,81.9,102.95,77.65,65.95,59.5,53.8,46.5,25.45,15
5호선,2548,천호,31.6,41.85,91.3,91.3,69.15,53.9,50.1,43.25,42.55,35.7,34.55,42.85,53.1,46.85,53.15,34.35,28.35,27.05,23,12,7.2
5호선,2548,천호,17,27.85,43.9,43.9,18.65,17.4,20.45,27.55,31.75,36.75,42.8,53.55,76.75,91.65,75.2,63.75,56.95,50.65,43.5,26.55,12.3
5호선,2549,강동,27,42.85,69.75,69.75,71.4,55.1,50.8,44.45,40.25,37.8,33.5,43,47.25,40.95,44.8,26.45,23.45,23,19.4,15,3.6
5호선,2549,강동(하남검단산),3.2,9.95,16.2,16.2,10.75,10.55,12.75,20.2,19.35,26.35,25.7,37.95,44.95,52.95,55.85,44.65,34.3,36.9,29.15,18.8,5.5
5호선,2550,길동,45.8,57.15,85.6,85.6,96.5,75.7,63.3,56.75,54.85,46.9,44.5,50.65,60.15,42.15,51.4,30.95,25.95,26.7,21.85,8.85,1.6
5호선,2550,길동,14.3,18.85,37.75,37.75,19.55,19.3,26.9,33.75,40.25,44.95,53,70.1,94.7,128.1,96.3,82.75,70.8,68,53.75,30.3,9.5
5호선,2551,굽은다리,41,52.6,82.05,82.05,91.05,70.55,59.6,53.25,51.2,43.95,41.6,47.6,53.45,38.45,48.75,29.05,23.6,25.1,21.3,7.45,2.2
5호선,2551,굽은다리,15.4,18.4,37.5,37.5,18,17.35,23.2,30.45,36.65,41,47.95,62.1,83.2,111.45,90.5,71.8,63.1,63.45,47.8,29,13.3
5호선,2552,명일,29.9,48.85,76.55,76.55,77.6,63.45,54.05,48.2,44.9,38.15,38.1,43.75,49.5,35.2,45.8,27.1,21.7,25.15,19.85,7.4,2.7
5호선,2552,명일,17.1,18.2,36.85,36.85,17.25,16.8,21.95,28.9,34.05,37.4,43.5,56.9,75.9,101.05,80.8,65.15,58.85,57.6,42.9,25.95,11.3
5호선,2553,고덕,26.1,45.3,67.7,67.7,71.85,58.25,49.05,44.3,41.1,35.5,37.65,42.75,45.45,33.2,45.1,25.3,20.6,23.1,17,7.3,2.8
5호선,2553,고덕,13.4,14.65,27.7,27.7,14.15,13.6,18.6,24.45,28.3,31.5,38.25,49.9,66.05,94.1,71,58.5,52.95,52.7,38.1,22.85,9.4
5호선,2554,상일동,22,45.7,62.45,62.45,64.95,50.75,42.6,36.65,35.9,30.85,29.85,33.9,37.2,26.75,40,21.25,16.95,17.1,13.8,6.65,2.6
5호선,2554,상일동,10.8,10.9,21.2,21.2,12.3,10.35,15.7,18.95,21.45,23,27.8,37.05,48.45,67.9,52.7,41.65,38.75,37.6,29,18.2,5.4
5호선,2555,둔촌동,18.6,27.6,55.5,55.5,40.7,35.35,34.4,31.9,32.15,28.15,29.2,36.55,42.35,42.9,49.85,30.05,26.3,25.8,21.85,17.6,15.3
5호선,2555,둔촌동,7.8,15.1,38.55,38.55,22.95,17.75,18.4,21.95,26.5,25.5,28.7,33.5,33.85,34.45,35.15,30,27.35,25.85,20,12.1,7.7
5호선,2556,올림픽공원(한국체대),13.9,21.95,43.1,43.1,33.65,29.5,29,27.6,28.15,24.65,26.2,36.1,41.45,42.65,51.75,30.3,25.8,26.7,22.4,22.15,7.4
5호선,2556,올림픽공원(한국체대),6.1,12.25,30.25,30.25,16.9,13.35,15.25,18.05,21.95,22.25,25.4,31.75,32.25,34.65,35.5,31,27.75,26.1,21.4,12.85,6.7
5호선,2557,방이,15.5,22.7,46.6,46.6,35.1,28.7,25.95,23.85,25.2,21.85,22.25,29.4,35.15,38.6,40.75,24.45,21.45,22.6,16.15,2.55,2.8
5호선,2557,방이,6.4,11.4,26.4,26.4,15.55,11.9,13.95,16.2,19.45,18.8,20.8,26.95,28.6,30.2,31.8,26.6,24.9,26.05,19.55,11.2,5.6
5호선,2558,오금,13.9,19.65,41.25,41.25,30.9,25.3,22.5,21.25,22.55,19.3,20.35,28.5,32.6,34.2,36.2,21.85,18.05,16.6,13.8,1.95,2.3
5호선,2558,오금,1.5,5.3,8.4,8.4,7.5,6.7,8.8,11.55,15.8,16.15,20.05,27.25,27.9,30.1,33.85,27.05,26.2,25.5,20.5,10.75,5.2
5호선,2559,개롱,17.6,21.45,46.25,46.25,29.5,24.15,20.1,18.95,18.9,15.3,15.2,20.65,19.55,17.3,14.75,10.1,8.45,7.6,5.55,0.8,1.1
5호선,2559,개롱,1.1,3.6,5.6,5.6,5.25,4.7,6.15,8.3,11.45,11.35,15.1,19.9,20.45,22.95,25.5,20.1,19.6,18.9,14.9,7.9,4.1
5호선,2560,거여,14.2,17.65,37.3,37.3,23.05,18.25,15,14.55,13.95,11.2,10.8,13.05,13.2,11.5,9.75,6.65,5.65,4.45,3.7,0.6,0.8
5호선,2560,거여,0.3,1.6,1.6,1.6,1.85,1.9,2.55,3.35,4.6,4.65,6.6,8.3,7.9,8.45,10.45,8,7.4,7.5,5.75,3.4,1.9
5호선,2561,마천,7.1,8.65,17.85,17.85,9.8,7.6,6.4,5.7,5.35,4.5,4.45,4.7,4.7,4.75,3.6,2.45,2.05,1.5,1,0.4,0
5호선,2561,마천,0,0,0,0,0,0,0,0,0,0,0,0,0,0,0,0,0,0,0,0,0
5호선,2562,강일,37.1,45.35,64.55,64.55,47.7,36.6,30,27.75,27.75,23.9,23.3,26.6,29.2,36.9,27.8,16.9,14.55,15.7,12.7,5.25,0
5호선,2562,강일,7.9,8.85,17.2,17.2,17.15,15.4,14.1,16.85,18.75,20,24.35,31.6,40.65,58.8,49.35,35.3,32.65,30.8,25.45,15.75,9.5
5호선,2563,미사,32.9,37.75,56.15,56.15,37.85,29.85,24.4,22.8,23.5,20.45,19.95,23.2,25.45,32.9,24.2,16.1,14.2,15.35,12.75,5.3,0
5호선,2563,미사,6.6,5.2,11.8,11.8,12.15,9.85,8.65,11.15,12.6,13,17,19.65,22.9,28.9,21.85,16.75,17.3,16.75,13.4,8.45,5.9
5호선,2564,하남풍산,18.8,23.55,27.55,27.55,20.7,18.35,15.35,14.6,14.25,13.9,13.3,17.65,18.95,24,16.35,10,7.65,8.15,5.45,1.75,0
5호선,2564,하남풍산,0,4.4,7.6,7.6,7.95,7.25,7.25,9.6,10.8,11.4,14.6,17.6,19.25,25.15,18.45,12.3,14.55,13.65,11.05,6.8,4.8
5호선,2565,하남시청,16.6,19.6,23.5,23.5,17.65,15.9,13.35,12.4,12,11.8,11.15,13.8,15.15,13.55,12.15,8,6,6.45,4.05,1.6,0
5호선,2565,하남시청,0,2.2,3.45,3.45,3.9,3.45,3.75,5.45,5,5.1,6.55,8,8.6,10.05,7.4,5.9,6.6,6.15,4.85,2.95,2.4
5호선,2566,하남검단산,6.5,8,10.65,10.65,7.95,7.3,6,5.3,5.25,5.8,5.1,6.65,6.8,5.75,5.75,3.9,3,3.65,1.95,0.6,0
5호선,2566,하남검단산,0,0,0,0,0,0,0,0,0,0,0,0,0,0,0,0,0,0,0,0,0
5호선,9005,강동(마천),5.3,14.15,34.6,34.6,22.55,18.05,19.55,24.5,29.8,28.85,33.9,40.6,38.7,46.5,44.9,37.2,32.7,31.95,24.45,14.05,10.1
6호선,2611,응암,0,0,0,0,0,0,0,0,0,0,0,0,0,0,0,0,0,0,0,0,0
6호선,2611,응암,28.8,23.4,53.45,53.45,30.1,27.1,22.55,20.45,20.6,18.65,18.6,22.95,27.45,22.1,16.1,11.55,9.85,10,6.3,2.85,0.8
6호선,2612,역촌,9.5,11.85,21.85,21.85,16.55,16.9,15.7,16.55,17.15,17.15,18.05,21.95,26.25,32.75,33.8,19.2,16.95,17.75,13,5.95,4.1
6호선,2613,불광,5,5.35,10.3,10.3,7.15,7.9,8.15,9.1,9.6,10.95,11.75,15.45,17.6,19.95,22.8,12.95,11.65,11.4,8.45,4.2,2.8
6호선,2614,독바위,5.3,6.4,13.75,13.75,8.25,8.7,8.9,9.45,9.8,10.75,11.4,14.5,16.6,17.85,19.65,11.2,9.95,9.5,7,3.25,2.5
6호선,2615,연신내,12.3,13.7,31.25,31.25,19.3,18.6,16.5,15.8,16.95,16.75,19.05,24.25,26.9,24.85,24,15.75,12.95,12.6,8.55,4.4,2.5
6호선,2616,구산,18,16.9,37.65,37.65,23.8,22.45,19.45,17.7,18.4,17.4,18.85,22.7,25.4,21.75,18.7,12.65,10.55,10.9,6.75,3.55,1.6
6호선,2617,새절,8.9,9,13.9,13.9,14,16.25,14.15,15.25,16.9,18.25,20.7,28.95,33.9,48.65,53.25,31.8,27.6,29.95,22.45,10.35,4.8
6호선,2617,새절,27.8,30.2,61.05,61.05,37.2,32.4,25.9,23.15,23.65,20.6,19.75,24.6,30.55,23.6,17.3,11.55,9.85,9.85,6.25,2.65,1.7
6호선,2618,증산,7.1,8.75,12.8,12.8,15.1,16.9,14.45,15.95,18.5,20.1,23.9,32.5,39.65,62.15,64.35,39.3,33.7,37,27.9,13.2,8.1
6호선,2618,증산,32.8,35.15,69.3,69.3,41.55,36.35,28.55,25.35,26,22.8,20.75,24.75,32.65,24.6,17.65,11.95,10.4,9.8,6.35,2.7,1.6
6호선,2619,디지털미디어시티,6.1,8.5,11.7,11.7,15.95,17.4,15,16.9,19.6,21.6,26.1,36.8,44.45,69.9,73.55,45.65,39.15,42.75,32.55,15.4,9.8
6호선,2619,디지털미디어시티,29,33.25,68.75,68.75,42.3,37.05,29.1,26.15,26.35,23.35,20.15,23.45,33.45,31.1,22.3,12.7,10.7,10.1,6.95,3.2,1.9
6호선,2620,월드컵경기장,7.6,10,14.9,14.9,17.25,17.05,14.3,16.3,19.4,21.05,25.65,37.25,43.85,67.35,71.5,46.1,40.4,43.6,32.4,15.5,10.9
6호선,2620,월드컵경기장,29,31.8,67.3,67.3,44.05,38.15,29.65,25.95,26.1,23,20.15,23.95,34.8,32.1,22.45,13.1,10.85,10.3,7.4,3.6,1.9
6호선,2621,마포구청,7.8,10.2,15.25,15.25,17.65,16.8,14.55,16.85,19.8,21.35,25.8,37.35,43.85,68.2,73.05,46,41,43.75,33.05,14.45,11
6호선,2621,마포구청,33,35.2,76.05,76.05,49.75,42.6,35.25,30.05,30.15,26.55,23.4,27.25,37.45,35.6,26.9,14.25,12,11.2,7.7,3.7,1.7
6호선,2622,망원,7.5,10.65,15.45,15.45,19.9,19.1,16.15,19.05,22.8,24.5,30.05,41.3,48.75,78.5,79.3,50.7,45.85,49.9,36.55,18.15,8.8
6호선,2622,망원,40.2,37.4,81.2,81.2,51.5,44.6,37.6,32.95,34.45,30.2,27.7,31.1,42.2,40.45,31.05,18.35,16.25,15.2,9.95,4.45,2.5
6호선,2623,합정,6.6,10.85,16,16,24.75,24.6,21.8,24.8,28.55,30.45,36.85,48.05,55.2,84.75,84.9,54.5,48.5,52.5,38.4,18.45,9.9
6호선,2623,합정,25.2,22.5,43.85,43.85,33.15,30.6,25.35,22.3,24.3,22.6,19.95,22.35,27.9,29.75,24,14.4,13.45,14.05,10.25,5.05,3
6호선,2624,상수,5,6.55,11.45,11.45,18.3,18.05,16.5,17.9,21.8,21.6,26.15,34.35,40.15,57.1,50.7,33,30.65,32.7,24.15,12.4,8
6호선,2624,상수,26.3,22.45,44.6,44.6,29.2,26.9,23.5,20.95,23.8,21.6,20.5,23.7,30.85,31.3,25.5,15.55,16,18.25,14.05,7.25,3.2
6호선,2625,광흥창,4.3,6.7,11.65,11.65,25.1,23.85,19,20.05,23.05,22.95,26.55,34.9,40.45,61.75,51.7,33.25,30.05,31.1,23.6,12.4,9.1
6호선,2625,광흥창,27.2,23,45,45,28.6,26.15,24.25,21.6,24,21.7,20.35,23.7,32.1,33.15,26.15,15.45,15.9,18.5,14.05,7,2.8
6호선,2626,대흥,3.7,6.5,11.1,11.1,24.65,22.85,18.35,19.3,22.75,23.15,26.05,34.1,39.45,60.1,50.95,33.85,30.75,32.2,25.1,13.35,10.1
6호선,2626,대흥,27.9,23.4,45.05,45.05,28.7,25.9,24.4,21.45,24.45,22.65,21.95,26.35,34.8,37.7,27.4,16.95,18.75,22,15.55,8.1,2.6
6호선,2627,공덕,4.4,6.9,12.6,12.6,28.55,30.75,20.25,21.5,24.9,23.8,26.75,33.85,40.25,61.1,54.4,34.7,31,31.65,25.4,13.85,5.3
6호선,2627,공덕,19.4,25.65,44,44,31.75,29.9,30.35,25,28.8,26.25,25.8,31.7,46.15,58,45.8,23.55,25.45,28.05,20.8,11.45,2.6
6호선,2628,효창공원앞,7,12.55,27.2,27.2,38.75,36.9,23.3,23.35,26.7,26.1,29.75,36.1,45.2,64.3,55.6,36.6,32.35,34.6,28,15.75,6.9
6호선,2628,효창공원앞,16.2,26.3,45.9,45.9,32.5,29.55,30.95,25.8,28.3,27.15,26.05,31.1,47.25,59.5,46.35,23.85,25.1,27.25,20.25,11.15,4.6
6호선,2629,삼각지,6.6,12.9,27.2,27.2,39.45,36.25,23.6,23.1,26.55,25.4,29.35,36.15,45.1,63.4,55.1,37.85,34.1,34.75,28.7,16.5,7.8
6호선,2629,삼각지,14,22.3,35.4,35.4,28,26.95,27.2,22.55,25.35,23.7,22.7,27.7,41.25,54.3,41.6,22.05,22.95,25.45,19.9,11.05,3.7
6호선,2630,녹사평,7.3,13.3,27.5,27.5,35.5,30.45,20.25,20.15,22.35,22.2,25.9,31.45,40.75,50.7,44.3,31.8,28.4,29.65,24.05,14.75,7.2
6호선,2630,녹사평,13.6,21.05,33.45,33.45,26.25,26.75,26.3,21.6,23.8,22.5,22,27.3,39.6,51.85,44.95,21.75,22.9,25.75,20.65,11.5,3.2
6호선,2631,이태원,8.8,13.25,27.8,27.8,35.1,30.4,19.05,19.7,22,21.75,26.35,30.35,39.7,49,42.15,30,26.75,28,22.2,12.8,3.7
6호선,2631,이태원,12.7,14.85,31.25,31.25,23.3,23.8,24.55,20.55,23.15,22.6,21.95,27.55,43.1,53.25,45.3,22.4,23.15,26.65,21.55,12.7,3.8
6호선,2632,한강진,9.4,16.3,29.3,29.3,39.55,33.35,20.5,20.7,22.8,21.95,25.75,28.95,35.7,47.55,39.75,27.9,25.45,26.45,21.4,12.45,2.6
6호선,2632,한강진,8.1,12.25,25.15,25.15,20,21.2,21.95,19.95,21.9,21.2,22.3,27.7,45.9,56.65,47.2,24.65,24.9,28.35,22.9,12.75,3.1
6호선,2633,버티고개,13.1,17.85,31.9,31.9,43.15,36.4,23.6,21.75,24.4,23.85,26.9,28.85,33.55,43.65,36.65,23.7,22.6,24.6,19.15,12.2,3.4
6호선,2633,버티고개,8.2,12.45,25.65,25.65,20.15,22.2,21.3,20.25,22.25,21.25,22.45,27.85,45.5,57.05,47.05,24.4,24.85,28.05,22.6,12.6,6.1
6호선,2634,약수,13.1,18.4,32.3,32.3,41.8,34.5,23.6,22.25,24.55,23.75,27.2,30.15,33.35,43.95,36.55,24.15,23,25.2,19.25,12.45,3.5
6호선,2634,약수,5.1,12.5,23.1,23.1,20.9,25.35,24.1,23.65,26.55,24.7,27,34.35,52.2,70.85,65.9,32.65,32.2,34.4,28.75,14.1,7.4
6호선,2635,청구,18.1,23.45,43.65,43.65,56.1,43.6,28,26.3,27.8,26.65,31.55,32.05,35.35,43.85,31.85,22.25,21.45,25.1,18.3,12.9,3.6
6호선,2635,청구,5,11.75,21.95,21.95,21.6,26.95,25.5,25.5,28.15,24.35,27.25,33.3,49.85,72.15,67.55,32.2,31.5,32.95,27.95,13.4,7.4
6호선,2636,신당,17.7,22.75,45.95,45.95,55.35,41.2,26.55,25.6,27.2,26.8,32.2,32.05,35.6,43.3,29.7,21,21.05,25.15,18,12.85,3.4
6호선,2636,신당,7.1,12.75,21.8,21.8,22.3,29.6,27.55,29.2,32,27.35,31.75,39.4,59.05,89,83.6,39.65,40.55,42.85,35.95,17.5,10.4
6호선,2637,동묘앞,21.1,28,59.3,59.3,70,51.65,32,30.85,32.55,31.35,36.95,35.5,41.6,49.35,31.85,23.2,23.3,27.65,19.9,13.9,3.8
6호선,2637,동묘앞,8.5,13.3,22.1,22.1,23.85,34.6,28.75,30.85,33.1,28.7,32.6,41.95,64.65,92.8,97.95,44.4,43.8,45.2,39.1,19.45,11
6호선,2638,창신,21.4,31.9,67,67,73.2,53.05,35,33.6,34.3,31.2,38.3,37.55,42.55,50.8,31.65,23.05,24,30.25,20.15,13.95,3.9
6호선,2638,창신,8.8,13,20.75,20.75,23,33.6,26.45,30.4,31.95,28.15,32.3,41.4,58.3,92.1,95.3,43.15,42.65,43.85,37.85,18.7,10.6
6호선,2639,보문,20,31.1,66.85,66.85,70.05,49.55,34.2,32.95,33.8,30.7,37.95,38.8,40.25,50.05,30.85,22.65,23.55,29.8,19.25,13.8,3.9
6호선,2639,보문,8.8,12.9,20.3,20.3,21.75,32.55,25.5,30.15,31.5,27.75,31.6,39.8,54.8,85.35,84.05,39.35,37.8,40.1,34.6,17.1,9.5
6호선,2640,안암,18.8,27.9,59.75,59.75,62.55,45.65,31.45,31.6,32.35,29.8,38.5,38.6,38.85,47.55,29.9,22.25,23.05,29.8,18.15,13.45,4.3
6호선,2640,안암,5.6,10.95,14.75,14.75,14.95,19.05,19.35,21.55,22.9,22.95,28.4,37.55,51.75,82.85,79.9,37.45,36.45,38.45,33.25,16.2,8.9
6호선,2641,고려대,23.4,29.15,60.6,60.6,64.25,48.65,30.6,28.8,30.4,26.3,29.75,27.95,28.9,33.05,21.7,14.8,14.75,16.75,9.75,6,1.7
6호선,2641,고려대,6.1,10.05,12.7,12.7,13.25,15.3,17.2,19.95,20.45,21.05,26.65,34.9,49.85,76.9,78.6,35.65,34.25,36.1,30.5,14.55,8.1
6호선,2642,월곡,22,28.25,61.25,61.25,58.8,46.3,28.45,26.85,28.05,23.35,26.75,25.65,23.9,27.85,18.85,12.6,11.95,12.25,7.9,4.6,1
6호선,2642,월곡,6.4,9.9,13.5,13.5,11.3,11.8,14.5,17.7,18.15,19.4,23.85,31.7,45.05,67.65,68.2,32.05,30.35,31.4,27.3,13.15,6.7
6호선,2643,상월곡,18.7,24.8,54.85,54.85,52.6,42.2,25.9,24.15,25,20.8,22.25,22.05,21,23.2,17.45,11.3,10.9,10.7,7.65,4.5,1.1
6호선,2643,상월곡,7.1,10.5,14.6,14.6,10.45,9.3,14.05,16.45,17,18.65,22.75,30.25,42.85,64.6,63.65,29.6,28.05,29.25,24.95,12.05,6.6
6호선,2644,돌곶이,20.3,23.25,51,51,49.85,41.2,24.65,23.25,23.55,19.55,20.15,20.4,19.85,21.9,17.4,11.1,10.7,10.2,7.2,4.75,1.3
6호선,2644,돌곶이,8.4,11.05,16.2,16.2,10.1,8.9,13.7,15.65,15.95,16.65,20.6,26.7,38.15,57,54.3,25.75,23.9,24.75,21,10.4,5.1
6호선,2645,석계,16.6,19.6,41.1,41.1,43.2,35.7,21.75,21,20.9,18,18.95,19.1,19.1,21.7,18.45,11.15,10.55,9.9,7.35,5,1.5
6호선,2645,석계,10.4,12.5,19.2,19.2,11.3,9.7,13.75,15.6,16.7,17.15,20.8,24.25,37.8,54.4,51.65,24.85,22.25,23.15,19.5,9.8,4.7
6호선,2646,태릉입구,14,18.25,39.35,39.35,40.4,33.25,21.9,21.35,20.85,18.55,18.85,20.25,20.1,23.7,20.5,12.8,11.8,11.15,8.15,5.5,1.7
6호선,2646,태릉입구,5.1,6.7,9.5,9.5,5.8,4.95,6.35,8.3,8.95,9.4,11.2,13.85,20.05,30.2,29.5,14.1,12.9,13.4,11.1,5.5,2.7
6호선,2647,화랑대,8.6,12.55,27.5,27.5,23.55,18.8,12.7,12.6,11.6,10.8,11,11.8,11.35,14.1,9.35,5.35,4.45,3.65,2.7,1.3,0.2
6호선,2647,화랑대,3.4,3.9,5.7,5.7,2.25,2.15,3.3,4.3,5.4,5.55,6.75,8.45,12.3,16.85,16.85,7.95,7.2,7.4,6.25,3.05,1.3
6호선,2648,봉화산,4.2,6.4,15.5,15.5,13.25,10.3,6.75,6.75,5.8,5.75,4.5,5.5,4.45,7.05,5,3.05,2.4,1.8,1.65,0.85,0.1
6호선,2648,봉화산,2.2,2.4,2.75,2.75,1,0.65,1.4,1.4,2.5,1.45,3.1,2.25,5.45,5.95,5.95,2.2,2.05,1.55,2.25,0.95,0.2
6호선,2649,신내,3.2,6.25,16,16,14.6,9.45,6.5,5.7,6.7,4.95,5.5,5.4,7.5,8.05,5.65,3.7,2.45,2.05,1.25,0.5,0
6호선,2649,신내,0,0,0,0,0,0,0,0,0,0,0,0,0,0,0,0,0,0,0,0,0
6호선,9006,응암S,8,10.6,17.7,17.7,15.05,15.5,15.15,15.8,16.8,17.05,18.7,23.35,27.9,35.95,38.2,21.85,19,20.6,15.65,7.1,5.5
7호선,2711,장암,0,0,0,0,0,0,0,0,0,0,0,0,0,0,0,0,0,0,0,0,0
7호선,2711,장암,3.5,6.2,13.3,13.3,3.95,2.8,1.5,1.35,1.45,1.55,1.6,1.95,1.9,2.05,1.5,0.8,0.55,0.65,0.2,0.05,0
7호선,2712,도봉산,0.4,0.55,0.4,0.4,0.45,0.4,0.65,0.75,0.65,0.45,0.45,0.45,0.65,0.95,0.7,0.45,0.2,0.35,0.25,0.2,0
7호선,2712,도봉산,10.8,14,23.5,23.5,20.9,14,10.2,9.3,9.85,9.6,9.8,10.35,10.3,10.45,8.85,5.2,4.4,4.35,3.05,1.75,0
7호선,2713,수락산,7.3,6.9,11.6,11.6,5.65,4.65,7.2,8.45,8.6,8.05,9.6,12.75,15.4,22.35,18.45,11.75,11.8,13.25,10,5.15,2.4
7호선,2713,수락산,17.5,19.85,31.65,31.65,27.95,19.45,14.3,13.35,13.7,13.2,13.25,14.05,13.05,13.15,10.6,6.5,5.55,5.6,4.3,1.95,0
7호선,2714,마들,8.2,8.75,12.45,12.45,6.9,6.4,9.7,11.55,11.4,10.85,13.25,17.7,22.4,31.55,27.35,17.2,17.45,20,15.05,8,4.7
7호선,2714,마들,29,27.2,43.25,43.25,39,27.25,18.75,18.05,18.3,16.35,15.2,17.55,16,14.55,12.95,7.55,6.9,6.85,4.8,2.35,1.1
7호선,2715,노원,8.2,9.9,14.9,14.9,7.8,7.5,11.15,13.95,14.05,13.95,17,22.8,29.95,42.4,37.6,23.65,24.25,27.5,21.15,11.8,7.2
7호선,2715,노원,33.9,31.4,50.75,50.75,45.2,33.15,23.7,23.5,24.6,22.35,21.8,25.1,23.65,22.2,20.6,14.5,13.95,17.35,10.9,6.2,3.9
7호선,2716,중계,11.5,14.95,24.3,24.3,13.8,13,16.95,19.5,19.85,20.85,24.3,32.6,40.9,58.25,47.9,29.25,29.45,32.85,23.75,14.55,9.1
7호선,2716,중계,41.3,36.95,60.05,60.05,54.35,39.85,27.15,27.2,27.15,24.2,24.75,26.95,26.85,23.9,20.9,14.85,14.75,18.75,11.35,6.3,3.9
7호선,2717,하계,12,15.75,26.85,26.85,14.2,13.45,17.75,20,21.25,22.05,25.65,35.1,44.75,66.8,55.25,34.75,34.75,38.5,28.75,17.7,11.2
7호선,2717,하계,48.2,43,71.65,71.65,61.65,45.05,30.8,30.9,29.7,26.05,27.2,30.55,32.1,26.5,22.45,16.9,16.05,19.8,12.4,6.6,3.7
7호선,2718,공릉,11.7,17,28.75,28.75,15.2,14.55,18.65,21.05,23.75,24.05,27.55,37.65,49.6,76.4,64.95,41.3,42.45,44.5,35,21.7,11.1
7호선,2718,공릉,59.5,46.6,76.8,76.8,64.75,46.95,32.4,32.2,31,27.5,28.65,33.45,34.55,28.95,23.6,18.15,17.85,21.75,15.55,7.6,3.8
7호선,2719,태릉입구,10.6,18.6,30.3,30.3,17,16.6,19.9,22.3,25.2,25.25,29.1,39.9,54.55,83.1,69.4,45.5,44.1,47.6,38.05,23.1,6.3
7호선,2719,태릉입구,43.2,45.5,76.15,76.15,63.75,45.5,31.4,30.95,30.15,27.3,29.55,33.65,36.25,31.05,26.25,19.55,18,22.05,15.7,8.25,4.3
7호선,2720,먹골,23.4,20,31.15,31.15,18.2,17.9,21.3,22.3,24.7,24.5,27.65,39.15,51.75,79.95,67.05,46.2,44.15,48,39,23.35,9.1
7호선,2720,먹골,48.3,46.65,80.45,80.45,70.9,52.15,33.5,31.55,32.1,29,29,33.3,36.65,29.65,28.8,19.05,17.85,21.8,15.1,7.85,4
7호선,2721,중화,17.2,20.05,29.55,29.55,17.8,17.6,21.5,22.5,25,25.15,28.95,41.4,54.75,84.5,69.8,49.6,47.95,50.75,40.3,25.55,10.4
7호선,2721,중화,54.3,50.85,86.75,86.75,73.7,55.45,35.25,33.05,33.5,30,29.95,34,37.05,30.65,28.9,19.2,18.05,21.95,14.85,7.5,3.7
7호선,2722,상봉,16.1,19.95,31.35,31.35,17.6,17.45,22.15,23.55,25.75,25.95,31.3,45.8,59.8,92.15,72.65,52.15,52.25,55.15,43.95,28,11.6
7호선,2722,상봉,72.2,59.85,108.1,108.1,89.05,66,41.35,38.15,38.1,33.6,32.1,37.25,39.9,32.55,31.85,20.45,19.1,21.95,14.85,7.8,3.2
7호선,2723,면목,15.3,22.4,31.9,31.9,18,18.15,23.05,25.05,28.3,28.9,35.85,51.25,68.1,107.95,87.75,61,60.5,63.3,50.9,31.95,14.4
7호선,2723,면목,84.8,63.4,114.35,114.35,98.7,74.65,45,40.1,40.4,34.85,33.05,37.35,42.25,33,31.8,20.45,18.55,21,16.2,8.45,3.8
7호선,2724,사가정,12.1,22.45,30.1,30.1,18.15,18.6,23.3,25.4,28.75,29.8,37.4,54.1,72.3,114.7,92.95,66.75,66.3,68.6,56.05,35.35,16.7
7호선,2724,사가정,96,68.95,126.5,126.5,105.65,79.3,47.25,41.8,42.15,35.65,33.6,37.8,42.6,33.1,31.25,20.05,19.4,20.6,16.15,8.9,3.4
7호선,2725,용마산,10.1,21.95,28.4,28.4,18.2,19,23.6,26,29.55,30.85,39.35,57.95,77.05,125.8,98.65,72.4,70.9,76.45,53.65,39.05,18.9
7호선,2725,용마산,100.7,71.95,129.25,129.25,108.4,81.45,48.45,42.8,42.95,36.15,33.8,37.9,42.75,32.35,32.95,20.6,19.25,20.45,15.95,8.8,3.3
7호선,2726,중곡,9.6,21.7,28.55,28.55,18.25,18.9,24.15,26.65,30.15,31.9,42.65,60.15,81.4,131.2,99.4,74.95,73.9,78.75,55.85,36.4,14.9
7호선,2726,중곡,107.1,75.5,133.25,133.25,115.55,91.05,50.7,45.4,45.1,38.1,35.45,40.8,45.95,35.4,34.15,21.6,20.2,21.3,16.1,8.7,3.1
7호선,2727,군자,12,22.8,31.15,31.15,19.25,20.05,25.25,27.65,31.7,33.65,44.75,62.55,84.3,134.4,102.2,79.25,78.15,82.3,58.9,38.8,16
7호선,2727,군자,107.2,70.6,130,130,126.95,104.05,55.25,46.1,48.1,38.85,36.1,39.05,44.55,35.8,33.55,21.95,19.85,21.55,15.95,8.55,3
7호선,2728,어린이대공원,9.9,20.95,28,28,18.15,18.9,23.5,27.1,30.75,34.3,46.35,64.1,86.3,136.8,105.5,82.75,82.1,87.1,62.7,42.85,17.6
7호선,2728,어린이대공원,118.2,74.4,127,127,124.5,97.3,54.05,44.3,47.25,40.15,39.7,43.8,50.2,43.9,38.3,25.15,23.4,25.25,20.2,9.5,2.4
7호선,2729,건대입구,9.1,20.7,29.2,29.2,22.65,28.75,27.3,32.35,35.05,35.8,48.8,63.55,87.15,137,102.1,81.95,81.1,86.65,58.05,42.05,9.2
7호선,2729,건대입구,52.7,60.35,106,106,98.8,75.55,42.8,35.5,38.5,33.8,35.6,41.3,47.8,44.35,41.15,31.9,28.85,32.9,27.05,12.65,1
7호선,2730,자양(뚝섬한강공원),8,21.85,30.5,30.5,26.85,30.8,28.5,30.75,33.6,32.75,41.65,51.55,73.95,116.45,86.45,65.85,69.3,65.9,43.75,30.65,9.1
7호선,2730,자양(뚝섬한강공원),56.7,62.3,104,104,103.5,81.9,43.7,36.3,36.8,34.1,34.7,38.85,46.7,42.45,39.15,27.45,29.45,33.25,26.6,12.35,1.6
7호선,2731,청담,6.7,20.7,31.35,31.35,26.8,30.35,28.25,30.6,33.55,32.9,42.25,52.05,74.55,118.4,87.8,65.9,64.3,64.6,44,26.5,9.7
7호선,2731,청담,35.5,56.6,93.85,93.85,91.85,74.15,42.1,36.3,36.3,33.9,35.95,41.4,51.7,49.6,43.95,29.8,31.5,35.5,27.45,12.25,4.4
7호선,2732,강남구청,11.7,24.1,37.2,37.2,33.45,34.35,30.05,30.8,33.95,33.85,40.75,51.45,75.35,103.4,79.65,60.65,60.3,59,39.6,26.25,9.9
7호선,2732,강남구청,29.9,47.15,76.65,76.65,73.6,63.5,38.95,34,34.95,34.3,37.15,43.1,57,59.55,57.4,38.1,37.75,41.55,31.4,13.5,8.8
7호선,2733,학동,21,30.35,46.65,46.65,48.2,44.75,34.35,32.6,35.75,34.75,39.05,46.85,68.35,90.15,67.4,52.4,51.6,50.35,34.7,23.9,9.5
7호선,2733,학동,27.7,42.95,68.8,68.8,56.7,52.1,35.65,33.45,34.6,34.15,39.3,47.05,65.3,75.05,70.55,44.05,43.1,46.1,39.4,15.25,8.8
7호선,2734,논현,23.5,34.95,58.2,58.2,62.5,54.8,38.5,33.8,36.45,35.45,37,43.4,61.4,74.8,57.45,46.8,47.35,45.45,32.25,19.4,9.5
7호선,2734,논현,11.6,37.45,53.1,53.1,34.9,36.65,30.2,29.55,31.45,30.95,36.9,45.25,65.6,81.5,77.25,48.85,47.3,52.9,44.05,18.35,8.9
7호선,2735,반포,24.6,40.3,69.35,69.35,72.85,59.85,38.3,32.3,34.85,32.85,34.8,38.75,53.9,58.3,43.4,34.6,36.5,34.25,24.8,15.25,3.9
7호선,2735,반포,12.1,35.9,52.85,52.85,34.05,36,29.45,28.8,30.95,30.55,36.75,45.55,66.4,80.55,78.3,50.9,47.15,52.3,43.55,17.85,8.4
7호선,2736,고속터미널,24.6,41.85,69.75,69.75,72.65,58.8,38.4,32.35,34.65,32.5,34.15,37.75,52.45,56.55,42.4,33.7,35.3,33.45,24.6,15.35,4.1
7호선,2736,고속터미널,13.3,29.1,44.25,44.25,29.25,32.9,27.95,29.55,32.8,33.15,42.65,55.1,80.45,99.75,96.6,64.5,61.2,66.45,54.8,21.1,10.1
7호선,2737,내방,34.9,60.85,101.1,101.1,87.25,68.95,45.1,38.35,39.8,36.45,35.45,38.35,50.25,52,38.5,28.35,31.1,27.85,20.8,14.3,2.1
7호선,2737,내방,9.3,27.45,42.5,42.5,25.2,29.95,26.8,29,31.65,32.65,42.45,55.3,81.35,103.4,99.15,65.4,61.9,67.3,54.2,20.2,9.8
7호선,2738,이수,69.8,60.35,101.55,101.55,90.65,69.95,44.75,37.8,39.25,35.65,34.1,36.4,46.9,46.65,36,26.8,28.75,25.6,20.35,14.25,3
7호선,2738,이수,8.8,21.5,35.65,35.65,21.5,28.35,23.35,27.3,28.45,29.3,37.4,47.8,69.65,90.25,89.5,57.55,56.6,62.05,58.8,24.1,10.5
7호선,2739,남성,76.9,57.5,97.9,97.9,76.65,59.05,40.05,34.35,35.95,31.85,31.6,32.75,42.35,41.95,32.1,24.1,24.3,21.2,16.2,11.5,2.8
7호선,2739,남성,10.1,22.05,37.5,37.5,21.25,27.65,22.5,26.3,27.85,28.2,35.7,45.15,65.95,84.9,82.3,56.75,52.9,57.6,54.25,21.7,16.4
7호선,2740,숭실대입구,71.3,55.35,94.45,94.45,70.55,55.15,37,32.7,33.9,29.5,30.45,33.3,41.45,41.9,32.25,23.7,23.4,21.3,16.2,9.5,3.4
7호선,2740,숭실대입구,10.4,20.7,37.5,37.5,18.2,20.3,19.5,21.9,24.55,26.3,33.85,43.6,62.65,78.9,76.85,53,49.9,54.4,50.15,20.25,14.6
7호선,2741,상도,66.5,51.55,86.75,86.75,65.05,52.6,35.5,31.85,32.4,27.25,26.7,28.35,37,37.2,31,22.1,20.65,18.6,13.65,8.4,3.9
7호선,2741,상도,11.8,20.4,38.9,38.9,17.85,18.4,17.7,19.9,23.55,24.8,31.9,41.3,58.1,75.8,72.55,49.25,47.75,51.75,46.85,19,12.9
7호선,2742,장승배기,62.8,48.7,81.1,81.1,63,52.1,34.95,31.3,31.65,26.35,25.05,27.05,35.05,35.4,30.8,21.5,19.6,17.45,13.15,8.4,4.1
7호선,2742,장승배기,12.9,19.7,39.6,39.6,18.25,18.3,17.75,20,23.1,23.85,31.1,40.2,57.65,71.55,71.05,48.75,45.8,49.65,44.15,19.65,11.7
7호선,2743,신대방삼거리,55.9,49.4,79.2,79.2,59.1,47.55,33.5,29.95,30.75,25.8,24.6,27.3,35.25,35.45,30.9,21.9,20.05,16.6,13.8,8.75,5
7호선,2743,신대방삼거리,16.1,21.5,41.65,41.65,19.75,18.8,17.9,19.85,22.75,22.75,29.3,37.3,53.55,65.85,63.35,43.3,41.1,44.7,40.8,18.25,8.8
7호선,2744,보라매,49.1,44.65,70.35,70.35,53.9,43.2,31.35,27.7,28.6,24.6,23.6,26.8,35.5,37.5,32.25,22.35,20.7,17.5,14.9,9.8,5.9
7호선,2744,보라매,17,21.5,40.25,40.25,20,18.7,17.8,19.1,21.3,22.45,28.3,36.15,51.5,67.7,61.25,43.2,39.2,42.95,38.4,16.85,7.5
7호선,2745,신풍,46.3,43.8,72.15,72.15,53.05,42.25,30,26.45,27.55,23.4,21.9,24.6,33.15,36.6,32.9,22.15,20.3,17.25,15,9.15,6.4
7호선,2745,신풍,15.7,23.7,43.55,43.55,21.25,19.7,18.45,19.8,21.7,22.35,27.9,35.35,50.15,65,57.85,40.5,36.7,40.15,35.55,15.4,5.5
7호선,2746,대림,58.2,42.85,68,68,49.05,39.4,29,25.5,26.7,22.7,22.1,25.15,34.55,38.4,35.3,23.3,21.5,18.4,16.5,9.95,7.2
7호선,2746,대림,23.9,28,48.2,48.2,24.6,22.7,21.2,23.65,25.95,26.7,33.5,43.05,61.65,82.55,74.75,52.25,45.15,49.2,46.15,19.35,13.2
7호선,2747,남구로,63.4,51.05,87.15,87.15,62.05,49.55,36.25,31.7,32.85,28.05,26.65,29.9,42.3,45.4,40.25,25.7,23.55,19.05,15.85,9.4,6.2
7호선,2747,남구로,33.1,30.05,48.05,48.05,23.3,21.95,21.25,23.3,26.45,26.65,32.75,42.2,60.85,91.05,79.4,53.6,45.45,46.6,46.65,19.95,12.5
7호선,2748,가산디지털단지,50.9,51.4,93,93,65.75,52.95,36.95,31.8,32.95,28.25,26.9,30.35,42.2,44.1,39.5,25.45,23.45,19.65,16.8,8,6.5
7호선,2748,가산디지털단지,31.5,26.25,33.3,33.3,11.65,13.8,19,23.25,28.5,28.05,38.05,51.2,83.35,136.8,103.5,66.6,56,55.85,53.35,26.05,13.3
7호선,2749,철산,64.1,59.4,123.15,123.15,90.15,65.75,39.2,33.7,32.6,26.95,24.7,27.15,32.65,24.15,23.95,17.65,17.15,15.4,14.2,6.1,5.1
7호선,2749,철산,31.6,26.3,34.3,34.3,10.95,12.75,17.65,21.5,25,25.7,33.4,44.4,70.6,120,89.9,58.85,48.5,48.4,44.1,21.55,10.8
7호선,2750,광명사거리,56.4,49.95,105.8,105.8,78.6,55.4,33.75,29.55,29.65,24.8,22.2,25.05,30.6,23.2,24.4,16.9,15.1,14.65,13.2,5.75,5.4
7호선,2750,광명사거리,29.1,24.8,35.45,35.45,9.8,10.85,14.95,17.7,20.85,21.8,28.4,37.9,61.35,105.85,77.7,49.75,41.95,41.2,36.55,17.85,8.3
7호선,2751,천왕,42.6,46.25,87.7,87.7,70.4,44.45,31.8,25.95,25.35,20.65,19.1,22.2,26.55,21.15,22.5,15.65,13.4,14.2,12.9,5.65,0
7호선,2751,천왕,32,26.25,36.55,36.55,9.7,10.45,14.4,16.3,18.7,19.65,25.45,34.25,55.8,96.55,69.1,45.1,36.1,36.1,31.25,15.4,7
7호선,2752,온수,32.6,43.5,79.25,79.25,59.95,42.15,30.15,23.55,23,19.05,17.4,20.1,24.95,20.1,22.9,15.4,13.2,14.55,12.9,5.8,0
7호선,2752,온수,16.7,12.5,21.6,21.6,9.3,8.35,13.3,14.45,16.7,19.15,21.95,29.1,53.25,84.45,67.9,46.1,34.95,31.4,37.75,20.15,7.8
8호선,2810,암사역사공원,2.5,3.45,5.4,5.4,8.8,8.15,8.8,10.05,11.6,13.5,16.6,23.4,29.6,46.3,50,34,30.8,34.95,32.55,17.35,9.7
8호선,2810,암사역사공원,27.3,37.1,64.7,64.7,42.3,27.7,21.85,19.9,19.35,16.35,14.4,16,19.9,17.5,11.15,6.5,6.55,6.85,5.75,4.4,1.2
8호선,2811,암사,3.8,4.15,7.35,7.35,9.55,9,10.25,12.25,13.5,16,20.05,28.35,34.2,53.3,57.95,39.25,36.9,42,39.3,20.3,5.6
8호선,2811,암사,36.2,51.6,86.05,86.05,63.65,41.7,32,29.3,29.3,24.45,21.75,23.25,27.65,25.4,15.75,10,9.8,9.9,8.05,5.3,1.8
8호선,2812,천호,4.8,5.65,9.25,9.25,13.95,13.65,15.7,18.4,21.05,24.5,30.75,42.45,48.8,73.35,79.9,52.45,51.85,58.55,52.75,27.45,8.7
8호선,2812,천호,43.7,71.35,117.55,117.55,94.5,59.55,44.75,43.45,43.15,38.9,35.8,41.7,51.6,48.2,33.45,20.7,19.2,22.35,18.05,11.5,3
8호선,2813,강동구청,9.9,10,20.05,20.05,27.35,26.15,28.35,30.1,35.15,37.95,48.95,66.25,73.65,110.75,117.35,74.25,73.7,80.75,68.35,33.35,8.1
8호선,2813,강동구청,48.4,76.15,123.6,123.6,104,69.3,46.8,45.45,44.65,39.4,36.35,42.55,50.85,52.75,33.4,20.65,19.5,22.4,17.25,12.15,4.7
8호선,2814,몽촌토성,9.5,10.1,21.5,21.5,28.1,25.5,28.25,30.8,35.95,38.8,50.6,69.4,76.2,117.55,121.45,78.85,78.05,85.6,73.55,36.25,8.9
8호선,2814,몽촌토성,48.8,73.95,125.9,125.9,106,70.55,48.15,47.3,45.3,41.1,37.95,44.2,54.1,57.45,36.25,21.4,20.3,23.2,18.55,12.2,4.5
8호선,2815,잠실,9.7,10.7,22.5,22.5,30.65,28.45,29.25,32.15,37.6,40.8,51.85,69.3,78.2,118.5,120,80.8,79.8,87.55,75.85,37.4,6.2
8호선,2815,잠실,36.2,56.2,89.8,89.8,72.1,50.15,38.3,42.15,42.95,44.15,47.7,58.35,76.45,93.15,75.25,44.4,44.35,53.4,43.95,28.5,8.1
8호선,2816,석촌,21.9,22.55,62.65,62.65,72.55,61.3,51.25,47.35,52.25,47.55,54.9,66.45,79.65,108.75,92.35,55.85,55,55.7,44.35,20.4,4.4
8호선,2816,석촌,36,52.35,89.75,89.75,75.25,52.65,37.3,42.15,44.55,44,49.8,60.55,79,101.9,86.3,49.1,48.45,59.6,49.35,32.45,8.1
8호선,2817,송파,27.9,27.3,73,73,82.6,69.2,55.2,50.65,56.1,49.3,57.1,67.15,82.05,110.25,90.2,52.85,52.85,48.05,40.1,18.35,4.1
8호선,2817,송파,36.6,51.9,85.85,85.85,73.5,52.4,37.25,41.1,42.8,41.95,46.6,57.15,74.1,92.7,80.9,45.35,45.25,54.65,45.65,32.3,7
8호선,2818,가락시장,25.3,25.7,68.65,68.65,72.25,61.15,51.15,48.45,53.7,47.25,55.45,66.25,79.75,108.6,85,51.1,52.3,47.45,40.35,16.2,2.7
8호선,2818,가락시장,29.5,40.35,72.3,72.3,67.75,47.55,32.7,36.4,37.9,36.35,42.6,51.95,68.95,88.55,78.85,43,43.15,50.95,45.35,30.2,5.6
8호선,2819,문정,39.4,26.35,73.2,73.2,72.7,59.1,47.2,45.25,47.85,43.85,48.1,57.25,73.1,99.25,74.15,44.25,44.65,39.6,31.9,13.65,2.7
8호선,2819,문정,24.6,33.4,49.35,49.35,43.6,32.55,26.15,29.85,31.75,29.95,37.55,45.7,66,92.25,76.7,40.45,39.85,48.15,41.75,27.15,10.3
8호선,2820,장지,32.4,26.4,72.15,72.15,73.85,57.35,41,38.3,40.85,34.95,38.45,45.6,53.7,59.7,49.85,31.9,31.45,26.9,24.4,11,2.4
8호선,2820,장지,22.5,28.15,42.3,42.3,34.6,25.85,20.2,24.5,26.25,26.4,31.8,40.15,57.75,82.15,65.85,36.05,36.6,42.85,36.85,22.7,8.8
8호선,2821,복정,29.5,21.6,64.55,64.55,63.95,50.05,35.6,33.2,33.7,30.1,32,36.15,44.35,47.7,42.65,27.35,25.7,22.5,22.95,10.55,2.2
8호선,2821,복정,8.3,13.35,17.85,17.85,18.55,13.25,10,14.1,15.85,16.3,20,27.8,37,57.25,53.8,27.65,27,32.65,30.05,20.15,8.4
8호선,2822,산성,24.6,17.2,47.2,47.2,38.55,28.45,18.6,19.1,20.45,15.55,16.4,19.4,23.25,19.5,15.65,9.95,9.8,8.15,6.85,3.35,1.2
8호선,2822,산성,8.1,10,15.7,15.7,16.65,12.55,8.35,10.85,13.45,12.55,14.65,20.8,28.55,39.6,38.2,18.25,19.2,21.95,21.7,13.9,9.1
8호선,2823,남한산성입구,20.9,14.75,39.65,39.65,31.7,23.45,15.5,16.7,18.25,13.95,15.9,18.55,21,18.6,14.8,9.7,9.8,9,6.85,2.8,1
8호선,2823,남한산성입구,10.7,10.75,16.35,16.35,9.6,8.35,7.6,9.45,10.85,11,12.75,16.8,22.65,29.9,27.95,13.4,12.9,14.4,14.05,9.6,6
8호선,2824,단대오거리,13,9.45,26.65,26.65,21.8,16.8,11.3,12.25,12.95,11.05,11.95,15,16.1,14.75,14,9.65,9.5,9.5,6.65,3.1,1
8호선,2824,단대오거리,13.5,9.65,16.4,16.4,8.8,7.85,7.4,9.3,10.1,9.4,9.95,12.7,15.75,17.75,13.7,6.65,6.75,7.3,7,4.75,3.2
8호선,2825,신흥,5.6,4.65,12.2,12.2,12.75,10.45,8,9.55,9.35,9.5,10.95,13.65,13.55,12.35,12.4,8.85,8.4,8.85,6.85,2.8,0.8
8호선,2825,신흥,14.2,9.05,16.75,16.75,8.85,7.55,6.8,8.35,8.8,7.8,8,10.1,12.4,12.85,8.05,4.2,4.05,4.25,3.95,2.5,2
8호선,2826,수진,3.5,2.55,7.25,7.25,9,7.9,6.2,8.25,8.1,9,10,13,12.05,11.75,12.3,8.8,8.45,9.2,7.1,2.75,0.7
8호선,2826,수진,19.6,11.15,17.75,17.75,9.4,8.15,7.05,8.9,8.9,7.8,7.95,9.5,11.95,10.6,5.15,2.55,2.55,2.25,1.75,0.75,0.5
8호선,2827,모란,1.5,1.4,3.7,3.7,7.1,6.55,5.35,7.5,7.6,8.7,10.05,12.8,10.5,12.05,13.7,8.65,8.65,9.3,7.75,3.05,0.6
8호선,2827,모란,0,0,0,0,0,0,0,0,0,0,0,0,0,0,0,0,0,0,0,0,0
8호선,2828,남위례,28.7,19,52.5,52.5,44.95,32.95,22.75,22.4,23.15,18.5,18.85,22.6,27.8,23.95,18.45,11.85,12.05,10.8,9.85,4.05,1.5
8호선,2828,남위례,7.6,11.25,14.95,14.95,16.8,12.95,9,11.75,14.45,13.75,17.05,23.8,33.4,49.15,47.45,23.7,23.65,27.15,25.5,17.3,7.3
